[INFO ] 2026-05-27 12:03:00.611 [main] MicroserviceStarter main - Using configuration server(redis) cluster 127.0.0.1:6379 for bootstrapping on development environment.
[ERROR] 2026-05-27 12:03:01.251 [vert.x-eventloop-thread-0] MicroserviceStarter handleConfigRetrieval - Failed to retrieve config from server.
io.netty.channel.AbstractChannel$AnnotatedConnectException: Connection refused: getsockopt: /127.0.0.1:6379
Caused by: java.net.ConnectException: Connection refused: getsockopt
	at sun.nio.ch.Net.pollConnect(Native Method) ~[?:?]
	at sun.nio.ch.Net.pollConnectNow(Net.java:639) ~[?:?]
	at sun.nio.ch.SocketChannelImpl.finishConnect(SocketChannelImpl.java:1046) ~[?:?]
	at io.netty.channel.socket.nio.NioSocketChannel.doFinishConnect(NioSocketChannel.java:336) ~[netty-transport-4.1.118.Final.jar:4.1.118.Final]
	at io.netty.channel.nio.AbstractNioChannel$AbstractNioUnsafe.finishConnect(AbstractNioChannel.java:339) ~[netty-transport-4.1.118.Final.jar:4.1.118.Final]
	at io.netty.channel.nio.NioEventLoop.processSelectedKey(NioEventLoop.java:784) ~[netty-transport-4.1.118.Final.jar:4.1.118.Final]
	at io.netty.channel.nio.NioEventLoop.processSelectedKeysOptimized(NioEventLoop.java:732) ~[netty-transport-4.1.118.Final.jar:4.1.118.Final]
	at io.netty.channel.nio.NioEventLoop.processSelectedKeys(NioEventLoop.java:658) ~[netty-transport-4.1.118.Final.jar:4.1.118.Final]
	at io.netty.channel.nio.NioEventLoop.run(NioEventLoop.java:562) ~[netty-transport-4.1.118.Final.jar:4.1.118.Final]
	at io.netty.util.concurrent.SingleThreadEventExecutor$4.run(SingleThreadEventExecutor.java:998) ~[netty-common-4.1.118.Final.jar:4.1.118.Final]
	at io.netty.util.internal.ThreadExecutorMap$2.run(ThreadExecutorMap.java:74) ~[netty-common-4.1.118.Final.jar:4.1.118.Final]
	at io.netty.util.concurrent.FastThreadLocalRunnable.run(FastThreadLocalRunnable.java:30) ~[netty-common-4.1.118.Final.jar:4.1.118.Final]
	at java.lang.Thread.run(Thread.java:1474) ~[?:?]
[INFO ] 2026-05-27 12:04:11.561 [main] MicroserviceStarter main - Using configuration server(redis) cluster 127.0.0.1:6379 for bootstrapping on development environment.
[ERROR] 2026-05-27 12:04:12.125 [vert.x-eventloop-thread-0] MicroserviceStarter handleConfigRetrieval - Failed to retrieve config from server.
io.netty.channel.AbstractChannel$AnnotatedConnectException: Connection refused: getsockopt: /127.0.0.1:6379
Caused by: java.net.ConnectException: Connection refused: getsockopt
	at sun.nio.ch.Net.pollConnect(Native Method) ~[?:?]
	at sun.nio.ch.Net.pollConnectNow(Net.java:639) ~[?:?]
	at sun.nio.ch.SocketChannelImpl.finishConnect(SocketChannelImpl.java:1046) ~[?:?]
	at io.netty.channel.socket.nio.NioSocketChannel.doFinishConnect(NioSocketChannel.java:336) ~[netty-transport-4.1.118.Final.jar:4.1.118.Final]
	at io.netty.channel.nio.AbstractNioChannel$AbstractNioUnsafe.finishConnect(AbstractNioChannel.java:339) ~[netty-transport-4.1.118.Final.jar:4.1.118.Final]
	at io.netty.channel.nio.NioEventLoop.processSelectedKey(NioEventLoop.java:784) ~[netty-transport-4.1.118.Final.jar:4.1.118.Final]
	at io.netty.channel.nio.NioEventLoop.processSelectedKeysOptimized(NioEventLoop.java:732) ~[netty-transport-4.1.118.Final.jar:4.1.118.Final]
	at io.netty.channel.nio.NioEventLoop.processSelectedKeys(NioEventLoop.java:658) ~[netty-transport-4.1.118.Final.jar:4.1.118.Final]
	at io.netty.channel.nio.NioEventLoop.run(NioEventLoop.java:562) ~[netty-transport-4.1.118.Final.jar:4.1.118.Final]
	at io.netty.util.concurrent.SingleThreadEventExecutor$4.run(SingleThreadEventExecutor.java:998) ~[netty-common-4.1.118.Final.jar:4.1.118.Final]
	at io.netty.util.internal.ThreadExecutorMap$2.run(ThreadExecutorMap.java:74) ~[netty-common-4.1.118.Final.jar:4.1.118.Final]
	at io.netty.util.concurrent.FastThreadLocalRunnable.run(FastThreadLocalRunnable.java:30) ~[netty-common-4.1.118.Final.jar:4.1.118.Final]
	at java.lang.Thread.run(Thread.java:1474) ~[?:?]
[INFO ] 2026-05-27 12:37:18.859 [main] MicroserviceStarter main - Using configuration server(redis) cluster 127.0.0.1:6379 for bootstrapping on development environment.
[INFO ] 2026-05-27 12:37:19.927 [vert.x-eventloop-thread-0] MicroserviceStarter lambda$setupDatabaseConnections$0 - Redis connection established.
[INFO ] 2026-05-27 12:37:20.086 [vert.x-worker-thread-0] client info - MongoClient with metadata {"driver": {"name": "mongo-java-driver|sync", "version": "5.3.0"}, "os": {"type": "Windows", "name": "Windows 11", "architecture": "amd64", "version": "10.0"}, "platform": "Java/Oracle Corporation/25.0.1+8-LTS-27"} created with settings MongoClientSettings{readPreference=primary, writeConcern=WriteConcern{w=null, wTimeout=null ms, journal=null}, retryWrites=true, retryReads=true, readConcern=ReadConcern{level=null}, credential=MongoCredential{mechanism=null, userName='24bcad16', source='admin', password=<hidden>, mechanismProperties=<hidden>}, transportSettings=null, commandListeners=[], codecRegistry=ProvidersCodecRegistry{codecProviders=[ValueCodecProvider{}, BsonValueCodecProvider{}, DBRefCodecProvider{}, DBObjectCodecProvider{}, DocumentCodecProvider{}, CollectionCodecProvider{}, IterableCodecProvider{}, MapCodecProvider{}, GeoJsonCodecProvider{}, GridFSFileCodecProvider{}, Jsr310CodecProvider{}, JsonObjectCodecProvider{}, BsonCodecProvider{}, EnumCodecProvider{}, com.mongodb.client.model.mql.ExpressionCodecProvider@835cd0, com.mongodb.Jep395RecordCodecProvider@1103cbcb, com.mongodb.KotlinCodecProvider@47281aad]}, loggerSettings=LoggerSettings{maxDocumentLength=1000}, clusterSettings={hosts=[127.0.0.1:27017], srvHost=cluster1.fayjnkr.mongodb.net, srvServiceName=mongodb, mode=MULTIPLE, requiredClusterType=REPLICA_SET, requiredReplicaSetName='atlas-l9r42w-shard-0', serverSelector='null', clusterListeners='[]', serverSelectionTimeout='30000 ms', localThreshold='15 ms'}, socketSettings=SocketSettings{connectTimeoutMS=10000, readTimeoutMS=0, receiveBufferSize=0, proxySettings=ProxySettings{host=null, port=null, username=null, password=null}}, heartbeatSocketSettings=SocketSettings{connectTimeoutMS=10000, readTimeoutMS=10000, receiveBufferSize=0, proxySettings=ProxySettings{host=null, port=null, username=null, password=null}}, connectionPoolSettings=ConnectionPoolSettings{maxSize=100, minSize=0, maxWaitTimeMS=120000, maxConnectionLifeTimeMS=0, maxConnectionIdleTimeMS=0, maintenanceInitialDelayMS=0, maintenanceFrequencyMS=60000, connectionPoolListeners=[], maxConnecting=2}, serverSettings=ServerSettings{heartbeatFrequencyMS=10000, minHeartbeatFrequencyMS=500, serverMonitoringMode=AUTO, serverListeners='[]', serverMonitorListeners='[]'}, sslSettings=SslSettings{enabled=true, invalidHostNameAllowed=false, context=null}, applicationName='null', compressorList=[], uuidRepresentation=UNSPECIFIED, serverApi=null, autoEncryptionSettings=null, dnsClient=null, inetAddressResolver=null, contextProvider=null, timeoutMS=null}
[INFO ] 2026-05-27 12:37:20.112 [vert.x-worker-thread-0] MicroserviceStarter setupRoutersAndServices - Setting up routers.
[INFO ] 2026-05-27 12:37:20.139 [vert.x-worker-thread-0] Reflections scan - Reflections took 8 ms to scan 0 urls, producing 0 keys and 0 values
[INFO ] 2026-05-27 12:37:20.180 [vert.x-worker-thread-0] MicroserviceStarter setupHttpServer - Setting up HTTP server.
[INFO ] 2026-05-27 12:37:20.201 [vert.x-eventloop-thread-0] MicroserviceStarter lambda$setupHttpServer$0 - Bootstrap complete. ASSET MANAGEMENT API listening on port 8080.
[INFO ] 2026-05-27 12:37:20.244 [cluster-ClusterId{value='6a16982883593c118017b566', description='null'}-srv-cluster1.fayjnkr.mongodb.net] cluster info - Adding discovered server ac-lvq4pvj-shard-00-00.fayjnkr.mongodb.net:27017 to client view of cluster
[INFO ] 2026-05-27 12:37:20.278 [cluster-ClusterId{value='6a16982883593c118017b566', description='null'}-srv-cluster1.fayjnkr.mongodb.net] cluster info - Adding discovered server ac-lvq4pvj-shard-00-02.fayjnkr.mongodb.net:27017 to client view of cluster
[INFO ] 2026-05-27 12:37:20.282 [cluster-ClusterId{value='6a16982883593c118017b566', description='null'}-srv-cluster1.fayjnkr.mongodb.net] cluster info - Adding discovered server ac-lvq4pvj-shard-00-01.fayjnkr.mongodb.net:27017 to client view of cluster
[INFO ] 2026-05-27 12:37:21.845 [cluster-ClusterId{value='6a16982883593c118017b566', description='null'}-ac-lvq4pvj-shard-00-01.fayjnkr.mongodb.net:27017] cluster info - Monitor thread successfully connected to server with description ServerDescription{address=ac-lvq4pvj-shard-00-01.fayjnkr.mongodb.net:27017, type=REPLICA_SET_SECONDARY, cryptd=false, state=CONNECTED, ok=true, minWireVersion=0, maxWireVersion=25, maxDocumentSize=16777216, logicalSessionTimeoutMinutes=30, roundTripTimeNanos=1092584600, minRoundTripTimeNanos=0, setName='atlas-l9r42w-shard-0', canonicalAddress=ac-lvq4pvj-shard-00-01.fayjnkr.mongodb.net:27017, hosts=[ac-lvq4pvj-shard-00-02.fayjnkr.mongodb.net:27017, ac-lvq4pvj-shard-00-00.fayjnkr.mongodb.net:27017, ac-lvq4pvj-shard-00-01.fayjnkr.mongodb.net:27017], passives=[], arbiters=[], primary='ac-lvq4pvj-shard-00-02.fayjnkr.mongodb.net:27017', tagSet=TagSet{[Tag{name='availabilityZone', value='aps1-az3'}, Tag{name='cacheState', value='READY'}, Tag{name='diskState', value='READY'}, Tag{name='nodeType', value='ELECTABLE'}, Tag{name='provider', value='AWS'}, Tag{name='region', value='AP_SOUTH_1'}, Tag{name='workloadType', value='OPERATIONAL'}]}, electionId=null, setVersion=338, topologyVersion=TopologyVersion{processId=6a120098bae59eb1c4ab559b, counter=3}, lastWriteDate=Wed May 27 12:37:22 IST 2026, lastUpdateTimeNanos=90942677180700}
[INFO ] 2026-05-27 12:37:21.897 [cluster-ClusterId{value='6a16982883593c118017b566', description='null'}-ac-lvq4pvj-shard-00-02.fayjnkr.mongodb.net:27017] cluster info - Monitor thread successfully connected to server with description ServerDescription{address=ac-lvq4pvj-shard-00-02.fayjnkr.mongodb.net:27017, type=REPLICA_SET_PRIMARY, cryptd=false, state=CONNECTED, ok=true, minWireVersion=0, maxWireVersion=25, maxDocumentSize=16777216, logicalSessionTimeoutMinutes=30, roundTripTimeNanos=1149452300, minRoundTripTimeNanos=0, setName='atlas-l9r42w-shard-0', canonicalAddress=ac-lvq4pvj-shard-00-02.fayjnkr.mongodb.net:27017, hosts=[ac-lvq4pvj-shard-00-02.fayjnkr.mongodb.net:27017, ac-lvq4pvj-shard-00-00.fayjnkr.mongodb.net:27017, ac-lvq4pvj-shard-00-01.fayjnkr.mongodb.net:27017], passives=[], arbiters=[], primary='ac-lvq4pvj-shard-00-02.fayjnkr.mongodb.net:27017', tagSet=TagSet{[Tag{name='availabilityZone', value='aps1-az2'}, Tag{name='cacheState', value='READY'}, Tag{name='diskState', value='READY'}, Tag{name='nodeType', value='ELECTABLE'}, Tag{name='provider', value='AWS'}, Tag{name='region', value='AP_SOUTH_1'}, Tag{name='workloadType', value='OPERATIONAL'}]}, electionId=7fffffff0000000000000140, setVersion=338, topologyVersion=TopologyVersion{processId=6a11fe26c71487bdf2b153af, counter=6}, lastWriteDate=Wed May 27 12:37:22 IST 2026, lastUpdateTimeNanos=90942734030000}
[INFO ] 2026-05-27 12:37:21.899 [cluster-ClusterId{value='6a16982883593c118017b566', description='null'}-ac-lvq4pvj-shard-00-02.fayjnkr.mongodb.net:27017] cluster info - Discovered replica set primary ac-lvq4pvj-shard-00-02.fayjnkr.mongodb.net:27017 with max election id 7fffffff0000000000000140 and max set version 338
[INFO ] 2026-05-27 12:37:22.809 [cluster-ClusterId{value='6a16982883593c118017b566', description='null'}-ac-lvq4pvj-shard-00-00.fayjnkr.mongodb.net:27017] cluster info - Monitor thread successfully connected to server with description ServerDescription{address=ac-lvq4pvj-shard-00-00.fayjnkr.mongodb.net:27017, type=REPLICA_SET_SECONDARY, cryptd=false, state=CONNECTED, ok=true, minWireVersion=0, maxWireVersion=25, maxDocumentSize=16777216, logicalSessionTimeoutMinutes=30, roundTripTimeNanos=524121200, minRoundTripTimeNanos=0, setName='atlas-l9r42w-shard-0', canonicalAddress=ac-lvq4pvj-shard-00-00.fayjnkr.mongodb.net:27017, hosts=[ac-lvq4pvj-shard-00-02.fayjnkr.mongodb.net:27017, ac-lvq4pvj-shard-00-00.fayjnkr.mongodb.net:27017, ac-lvq4pvj-shard-00-01.fayjnkr.mongodb.net:27017], passives=[], arbiters=[], primary='ac-lvq4pvj-shard-00-02.fayjnkr.mongodb.net:27017', tagSet=TagSet{[Tag{name='availabilityZone', value='aps1-az1'}, Tag{name='cacheState', value='READY'}, Tag{name='diskState', value='READY'}, Tag{name='nodeType', value='ELECTABLE'}, Tag{name='provider', value='AWS'}, Tag{name='region', value='AP_SOUTH_1'}, Tag{name='workloadType', value='OPERATIONAL'}]}, electionId=null, setVersion=338, topologyVersion=TopologyVersion{processId=6a11fb8c65d294a7de14e943, counter=4}, lastWriteDate=Wed May 27 12:37:22 IST 2026, lastUpdateTimeNanos=90943645595600}
[INFO ] 2026-05-27 12:38:47.484 [cluster-ClusterId{value='6a16982883593c118017b566', description='null'}-ac-lvq4pvj-shard-00-00.fayjnkr.mongodb.net:27017] cluster info - Exception in monitor thread while connecting to server ac-lvq4pvj-shard-00-00.fayjnkr.mongodb.net:27017
com.mongodb.MongoSocketReadException: Exception receiving message
	at com.mongodb.internal.connection.InternalStreamConnection.translateReadException(InternalStreamConnection.java:809) ~[mongodb-driver-core-5.3.0.jar:?]
	at com.mongodb.internal.connection.InternalStreamConnection.receiveResponseBuffers(InternalStreamConnection.java:857) ~[mongodb-driver-core-5.3.0.jar:?]
	at com.mongodb.internal.connection.InternalStreamConnection.receiveCommandMessageResponse(InternalStreamConnection.java:517) ~[mongodb-driver-core-5.3.0.jar:?]
	at com.mongodb.internal.connection.InternalStreamConnection.receive(InternalStreamConnection.java:469) ~[mongodb-driver-core-5.3.0.jar:?]
	at com.mongodb.internal.connection.DefaultServerMonitor$ServerMonitor.lookupServerDescription(DefaultServerMonitor.java:249) ~[mongodb-driver-core-5.3.0.jar:?]
	at com.mongodb.internal.connection.DefaultServerMonitor$ServerMonitor.run(DefaultServerMonitor.java:176) ~[mongodb-driver-core-5.3.0.jar:?]
Caused by: java.net.SocketException: Connection reset
	at sun.nio.ch.NioSocketImpl.implRead(NioSocketImpl.java:316) ~[?:?]
	at sun.nio.ch.NioSocketImpl.read(NioSocketImpl.java:354) ~[?:?]
	at sun.nio.ch.NioSocketImpl$1.read(NioSocketImpl.java:798) ~[?:?]
	at java.net.Socket$SocketInputStream.implRead(Socket.java:974) ~[?:?]
	at java.net.Socket$SocketInputStream.read(Socket.java:964) ~[?:?]
	at sun.security.ssl.SSLSocketInputRecord.read(SSLSocketInputRecord.java:489) ~[?:?]
	at sun.security.ssl.SSLSocketInputRecord.readHeader(SSLSocketInputRecord.java:483) ~[?:?]
	at sun.security.ssl.SSLSocketInputRecord.bytesInCompletePacket(SSLSocketInputRecord.java:70) ~[?:?]
	at sun.security.ssl.SSLSocketImpl.readApplicationRecord(SSLSocketImpl.java:1461) ~[?:?]
	at sun.security.ssl.SSLSocketImpl$AppInputStream.read(SSLSocketImpl.java:1068) ~[?:?]
	at com.mongodb.internal.connection.SocketStream.read(SocketStream.java:182) ~[mongodb-driver-core-5.3.0.jar:?]
	at com.mongodb.internal.connection.InternalStreamConnection.receiveResponseBuffers(InternalStreamConnection.java:824) ~[mongodb-driver-core-5.3.0.jar:?]
	... 4 more
[INFO ] 2026-05-27 12:38:47.482 [cluster-ClusterId{value='6a16982883593c118017b566', description='null'}-ac-lvq4pvj-shard-00-01.fayjnkr.mongodb.net:27017] cluster info - Exception in monitor thread while connecting to server ac-lvq4pvj-shard-00-01.fayjnkr.mongodb.net:27017
com.mongodb.MongoSocketReadException: Exception receiving message
	at com.mongodb.internal.connection.InternalStreamConnection.translateReadException(InternalStreamConnection.java:809) ~[mongodb-driver-core-5.3.0.jar:?]
	at com.mongodb.internal.connection.InternalStreamConnection.receiveResponseBuffers(InternalStreamConnection.java:857) ~[mongodb-driver-core-5.3.0.jar:?]
	at com.mongodb.internal.connection.InternalStreamConnection.receiveCommandMessageResponse(InternalStreamConnection.java:517) ~[mongodb-driver-core-5.3.0.jar:?]
	at com.mongodb.internal.connection.InternalStreamConnection.receive(InternalStreamConnection.java:469) ~[mongodb-driver-core-5.3.0.jar:?]
	at com.mongodb.internal.connection.DefaultServerMonitor$ServerMonitor.lookupServerDescription(DefaultServerMonitor.java:249) ~[mongodb-driver-core-5.3.0.jar:?]
	at com.mongodb.internal.connection.DefaultServerMonitor$ServerMonitor.run(DefaultServerMonitor.java:176) ~[mongodb-driver-core-5.3.0.jar:?]
Caused by: java.net.SocketException: Connection reset
	at sun.nio.ch.NioSocketImpl.implRead(NioSocketImpl.java:316) ~[?:?]
	at sun.nio.ch.NioSocketImpl.read(NioSocketImpl.java:354) ~[?:?]
	at sun.nio.ch.NioSocketImpl$1.read(NioSocketImpl.java:798) ~[?:?]
	at java.net.Socket$SocketInputStream.implRead(Socket.java:974) ~[?:?]
	at java.net.Socket$SocketInputStream.read(Socket.java:964) ~[?:?]
	at sun.security.ssl.SSLSocketInputRecord.read(SSLSocketInputRecord.java:489) ~[?:?]
	at sun.security.ssl.SSLSocketInputRecord.readHeader(SSLSocketInputRecord.java:483) ~[?:?]
	at sun.security.ssl.SSLSocketInputRecord.bytesInCompletePacket(SSLSocketInputRecord.java:70) ~[?:?]
	at sun.security.ssl.SSLSocketImpl.readApplicationRecord(SSLSocketImpl.java:1461) ~[?:?]
	at sun.security.ssl.SSLSocketImpl$AppInputStream.read(SSLSocketImpl.java:1068) ~[?:?]
	at com.mongodb.internal.connection.SocketStream.read(SocketStream.java:182) ~[mongodb-driver-core-5.3.0.jar:?]
	at com.mongodb.internal.connection.InternalStreamConnection.receiveResponseBuffers(InternalStreamConnection.java:824) ~[mongodb-driver-core-5.3.0.jar:?]
	... 4 more
[INFO ] 2026-05-27 12:38:47.471 [cluster-ClusterId{value='6a16982883593c118017b566', description='null'}-ac-lvq4pvj-shard-00-02.fayjnkr.mongodb.net:27017] cluster info - Exception in monitor thread while connecting to server ac-lvq4pvj-shard-00-02.fayjnkr.mongodb.net:27017
com.mongodb.MongoSocketReadException: Exception receiving message
	at com.mongodb.internal.connection.InternalStreamConnection.translateReadException(InternalStreamConnection.java:809) ~[mongodb-driver-core-5.3.0.jar:?]
	at com.mongodb.internal.connection.InternalStreamConnection.receiveResponseBuffers(InternalStreamConnection.java:857) ~[mongodb-driver-core-5.3.0.jar:?]
	at com.mongodb.internal.connection.InternalStreamConnection.receiveCommandMessageResponse(InternalStreamConnection.java:517) ~[mongodb-driver-core-5.3.0.jar:?]
	at com.mongodb.internal.connection.InternalStreamConnection.receive(InternalStreamConnection.java:469) ~[mongodb-driver-core-5.3.0.jar:?]
	at com.mongodb.internal.connection.DefaultServerMonitor$ServerMonitor.lookupServerDescription(DefaultServerMonitor.java:249) ~[mongodb-driver-core-5.3.0.jar:?]
	at com.mongodb.internal.connection.DefaultServerMonitor$ServerMonitor.run(DefaultServerMonitor.java:176) ~[mongodb-driver-core-5.3.0.jar:?]
Caused by: java.net.SocketException: Connection reset
	at sun.nio.ch.NioSocketImpl.implRead(NioSocketImpl.java:316) ~[?:?]
	at sun.nio.ch.NioSocketImpl.read(NioSocketImpl.java:354) ~[?:?]
	at sun.nio.ch.NioSocketImpl$1.read(NioSocketImpl.java:798) ~[?:?]
	at java.net.Socket$SocketInputStream.implRead(Socket.java:974) ~[?:?]
	at java.net.Socket$SocketInputStream.read(Socket.java:964) ~[?:?]
	at sun.security.ssl.SSLSocketInputRecord.read(SSLSocketInputRecord.java:489) ~[?:?]
	at sun.security.ssl.SSLSocketInputRecord.readHeader(SSLSocketInputRecord.java:483) ~[?:?]
	at sun.security.ssl.SSLSocketInputRecord.bytesInCompletePacket(SSLSocketInputRecord.java:70) ~[?:?]
	at sun.security.ssl.SSLSocketImpl.readApplicationRecord(SSLSocketImpl.java:1461) ~[?:?]
	at sun.security.ssl.SSLSocketImpl$AppInputStream.read(SSLSocketImpl.java:1068) ~[?:?]
	at com.mongodb.internal.connection.SocketStream.read(SocketStream.java:182) ~[mongodb-driver-core-5.3.0.jar:?]
	at com.mongodb.internal.connection.InternalStreamConnection.receiveResponseBuffers(InternalStreamConnection.java:824) ~[mongodb-driver-core-5.3.0.jar:?]
	... 4 more
[INFO ] 2026-05-27 12:38:47.729 [cluster-ClusterId{value='6a16982883593c118017b566', description='null'}-ac-lvq4pvj-shard-00-02.fayjnkr.mongodb.net:27017] cluster info - Exception in monitor thread while connecting to server ac-lvq4pvj-shard-00-02.fayjnkr.mongodb.net:27017
com.mongodb.MongoSocketException: No such host is known (ac-lvq4pvj-shard-00-02.fayjnkr.mongodb.net)
	at com.mongodb.internal.connection.ServerAddressHelper.getSocketAddresses(ServerAddressHelper.java:75) ~[mongodb-driver-core-5.3.0.jar:?]
	at com.mongodb.internal.connection.SocketStream.initializeSocket(SocketStream.java:100) ~[mongodb-driver-core-5.3.0.jar:?]
	at com.mongodb.internal.connection.SocketStream.open(SocketStream.java:79) ~[mongodb-driver-core-5.3.0.jar:?]
	at com.mongodb.internal.connection.InternalStreamConnection.open(InternalStreamConnection.java:233) ~[mongodb-driver-core-5.3.0.jar:?]
	at com.mongodb.internal.connection.DefaultServerMonitor$ServerMonitor.lookupServerDescription(DefaultServerMonitor.java:219) ~[mongodb-driver-core-5.3.0.jar:?]
	at com.mongodb.internal.connection.DefaultServerMonitor$ServerMonitor.run(DefaultServerMonitor.java:176) ~[mongodb-driver-core-5.3.0.jar:?]
Caused by: java.net.UnknownHostException: No such host is known (ac-lvq4pvj-shard-00-02.fayjnkr.mongodb.net)
	at java.net.Inet6AddressImpl.lookupAllHostAddr(Native Method) ~[?:?]
	at java.net.Inet6AddressImpl.lookupAllHostAddr(Inet6AddressImpl.java:52) ~[?:?]
	at java.net.InetAddress$PlatformResolver.lookupByName(InetAddress.java:1134) ~[?:?]
	at java.net.InetAddress.getAddressesFromNameService(InetAddress.java:1712) ~[?:?]
	at java.net.InetAddress$NameServiceAddresses.get(InetAddress.java:1060) ~[?:?]
	at java.net.InetAddress.getAllByName0(InetAddress.java:1702) ~[?:?]
	at java.net.InetAddress.getAllByName(InetAddress.java:1582) ~[?:?]
	at com.mongodb.internal.connection.DefaultInetAddressResolver.lookupByName(DefaultInetAddressResolver.java:34) ~[mongodb-driver-core-5.3.0.jar:?]
	at com.mongodb.internal.connection.ServerAddressHelper.getSocketAddresses(ServerAddressHelper.java:71) ~[mongodb-driver-core-5.3.0.jar:?]
	... 5 more
[INFO ] 2026-05-27 12:38:47.729 [cluster-ClusterId{value='6a16982883593c118017b566', description='null'}-ac-lvq4pvj-shard-00-00.fayjnkr.mongodb.net:27017] cluster info - Exception in monitor thread while connecting to server ac-lvq4pvj-shard-00-00.fayjnkr.mongodb.net:27017
com.mongodb.MongoSocketException: No such host is known (ac-lvq4pvj-shard-00-00.fayjnkr.mongodb.net)
	at com.mongodb.internal.connection.ServerAddressHelper.getSocketAddresses(ServerAddressHelper.java:75) ~[mongodb-driver-core-5.3.0.jar:?]
	at com.mongodb.internal.connection.SocketStream.initializeSocket(SocketStream.java:100) ~[mongodb-driver-core-5.3.0.jar:?]
	at com.mongodb.internal.connection.SocketStream.open(SocketStream.java:79) ~[mongodb-driver-core-5.3.0.jar:?]
	at com.mongodb.internal.connection.InternalStreamConnection.open(InternalStreamConnection.java:233) ~[mongodb-driver-core-5.3.0.jar:?]
	at com.mongodb.internal.connection.DefaultServerMonitor$ServerMonitor.lookupServerDescription(DefaultServerMonitor.java:219) ~[mongodb-driver-core-5.3.0.jar:?]
	at com.mongodb.internal.connection.DefaultServerMonitor$ServerMonitor.run(DefaultServerMonitor.java:176) ~[mongodb-driver-core-5.3.0.jar:?]
Caused by: java.net.UnknownHostException: No such host is known (ac-lvq4pvj-shard-00-00.fayjnkr.mongodb.net)
	at java.net.Inet6AddressImpl.lookupAllHostAddr(Native Method) ~[?:?]
	at java.net.Inet6AddressImpl.lookupAllHostAddr(Inet6AddressImpl.java:52) ~[?:?]
	at java.net.InetAddress$PlatformResolver.lookupByName(InetAddress.java:1134) ~[?:?]
	at java.net.InetAddress.getAddressesFromNameService(InetAddress.java:1712) ~[?:?]
	at java.net.InetAddress$NameServiceAddresses.get(InetAddress.java:1060) ~[?:?]
	at java.net.InetAddress.getAllByName0(InetAddress.java:1702) ~[?:?]
	at java.net.InetAddress.getAllByName(InetAddress.java:1582) ~[?:?]
	at com.mongodb.internal.connection.DefaultInetAddressResolver.lookupByName(DefaultInetAddressResolver.java:34) ~[mongodb-driver-core-5.3.0.jar:?]
	at com.mongodb.internal.connection.ServerAddressHelper.getSocketAddresses(ServerAddressHelper.java:71) ~[mongodb-driver-core-5.3.0.jar:?]
	... 5 more
[INFO ] 2026-05-27 12:38:47.740 [cluster-ClusterId{value='6a16982883593c118017b566', description='null'}-ac-lvq4pvj-shard-00-01.fayjnkr.mongodb.net:27017] cluster info - Exception in monitor thread while connecting to server ac-lvq4pvj-shard-00-01.fayjnkr.mongodb.net:27017
com.mongodb.MongoSocketException: No such host is known (ac-lvq4pvj-shard-00-01.fayjnkr.mongodb.net)
	at com.mongodb.internal.connection.ServerAddressHelper.getSocketAddresses(ServerAddressHelper.java:75) ~[mongodb-driver-core-5.3.0.jar:?]
	at com.mongodb.internal.connection.SocketStream.initializeSocket(SocketStream.java:100) ~[mongodb-driver-core-5.3.0.jar:?]
	at com.mongodb.internal.connection.SocketStream.open(SocketStream.java:79) ~[mongodb-driver-core-5.3.0.jar:?]
	at com.mongodb.internal.connection.InternalStreamConnection.open(InternalStreamConnection.java:233) ~[mongodb-driver-core-5.3.0.jar:?]
	at com.mongodb.internal.connection.DefaultServerMonitor$ServerMonitor.lookupServerDescription(DefaultServerMonitor.java:219) ~[mongodb-driver-core-5.3.0.jar:?]
	at com.mongodb.internal.connection.DefaultServerMonitor$ServerMonitor.run(DefaultServerMonitor.java:176) ~[mongodb-driver-core-5.3.0.jar:?]
Caused by: java.net.UnknownHostException: No such host is known (ac-lvq4pvj-shard-00-01.fayjnkr.mongodb.net)
	at java.net.Inet6AddressImpl.lookupAllHostAddr(Native Method) ~[?:?]
	at java.net.Inet6AddressImpl.lookupAllHostAddr(Inet6AddressImpl.java:52) ~[?:?]
	at java.net.InetAddress$PlatformResolver.lookupByName(InetAddress.java:1134) ~[?:?]
	at java.net.InetAddress.getAddressesFromNameService(InetAddress.java:1712) ~[?:?]
	at java.net.InetAddress$NameServiceAddresses.get(InetAddress.java:1060) ~[?:?]
	at java.net.InetAddress.getAllByName0(InetAddress.java:1702) ~[?:?]
	at java.net.InetAddress.getAllByName(InetAddress.java:1582) ~[?:?]
	at com.mongodb.internal.connection.DefaultInetAddressResolver.lookupByName(DefaultInetAddressResolver.java:34) ~[mongodb-driver-core-5.3.0.jar:?]
	at com.mongodb.internal.connection.ServerAddressHelper.getSocketAddresses(ServerAddressHelper.java:71) ~[mongodb-driver-core-5.3.0.jar:?]
	... 5 more
[INFO ] 2026-05-27 12:39:39.704 [cluster-ClusterId{value='6a16982883593c118017b566', description='null'}-ac-lvq4pvj-shard-00-00.fayjnkr.mongodb.net:27017] cluster info - Exception in monitor thread while connecting to server ac-lvq4pvj-shard-00-00.fayjnkr.mongodb.net:27017
com.mongodb.MongoSocketReadTimeoutException: Timeout while receiving message
	at com.mongodb.internal.connection.InternalStreamConnection.createReadTimeoutException(InternalStreamConnection.java:819) ~[mongodb-driver-core-5.3.0.jar:?]
	at com.mongodb.internal.connection.InternalStreamConnection.translateReadException(InternalStreamConnection.java:807) ~[mongodb-driver-core-5.3.0.jar:?]
	at com.mongodb.internal.connection.InternalStreamConnection.receiveResponseBuffers(InternalStreamConnection.java:857) ~[mongodb-driver-core-5.3.0.jar:?]
	at com.mongodb.internal.connection.InternalStreamConnection.receiveCommandMessageResponse(InternalStreamConnection.java:517) ~[mongodb-driver-core-5.3.0.jar:?]
	at com.mongodb.internal.connection.InternalStreamConnection.sendAndReceiveInternal(InternalStreamConnection.java:448) ~[mongodb-driver-core-5.3.0.jar:?]
	at com.mongodb.internal.connection.InternalStreamConnection.lambda$sendAndReceive$0(InternalStreamConnection.java:375) ~[mongodb-driver-core-5.3.0.jar:?]
	at com.mongodb.internal.connection.InternalStreamConnection.sendAndReceive(InternalStreamConnection.java:378) ~[mongodb-driver-core-5.3.0.jar:?]
	at com.mongodb.internal.connection.CommandHelper.sendAndReceive(CommandHelper.java:100) ~[mongodb-driver-core-5.3.0.jar:?]
	at com.mongodb.internal.connection.CommandHelper.executeCommand(CommandHelper.java:49) ~[mongodb-driver-core-5.3.0.jar:?]
	at com.mongodb.internal.connection.InternalStreamConnectionInitializer.initializeConnectionDescription(InternalStreamConnectionInitializer.java:144) ~[mongodb-driver-core-5.3.0.jar:?]
	at com.mongodb.internal.connection.InternalStreamConnectionInitializer.startHandshake(InternalStreamConnectionInitializer.java:79) ~[mongodb-driver-core-5.3.0.jar:?]
	at com.mongodb.internal.connection.InternalStreamConnection.open(InternalStreamConnection.java:235) ~[mongodb-driver-core-5.3.0.jar:?]
	at com.mongodb.internal.connection.DefaultServerMonitor$ServerMonitor.lookupServerDescription(DefaultServerMonitor.java:219) ~[mongodb-driver-core-5.3.0.jar:?]
	at com.mongodb.internal.connection.DefaultServerMonitor$ServerMonitor.run(DefaultServerMonitor.java:176) ~[mongodb-driver-core-5.3.0.jar:?]
Caused by: java.net.SocketTimeoutException: Read timed out
	at sun.nio.ch.NioSocketImpl.timedRead(NioSocketImpl.java:277) ~[?:?]
	at sun.nio.ch.NioSocketImpl.implRead(NioSocketImpl.java:302) ~[?:?]
	at sun.nio.ch.NioSocketImpl.read(NioSocketImpl.java:354) ~[?:?]
	at sun.nio.ch.NioSocketImpl$1.read(NioSocketImpl.java:798) ~[?:?]
	at java.net.Socket$SocketInputStream.implRead(Socket.java:974) ~[?:?]
	at java.net.Socket$SocketInputStream.read(Socket.java:964) ~[?:?]
	at sun.security.ssl.SSLSocketInputRecord.read(SSLSocketInputRecord.java:489) ~[?:?]
	at sun.security.ssl.SSLSocketInputRecord.readHeader(SSLSocketInputRecord.java:483) ~[?:?]
	at sun.security.ssl.SSLSocketInputRecord.bytesInCompletePacket(SSLSocketInputRecord.java:70) ~[?:?]
	at sun.security.ssl.SSLSocketImpl.readApplicationRecord(SSLSocketImpl.java:1461) ~[?:?]
	at sun.security.ssl.SSLSocketImpl$AppInputStream.read(SSLSocketImpl.java:1068) ~[?:?]
	at com.mongodb.internal.connection.SocketStream.read(SocketStream.java:182) ~[mongodb-driver-core-5.3.0.jar:?]
	at com.mongodb.internal.connection.InternalStreamConnection.receiveResponseBuffers(InternalStreamConnection.java:824) ~[mongodb-driver-core-5.3.0.jar:?]
	... 11 more
[INFO ] 2026-05-27 12:39:39.704 [cluster-ClusterId{value='6a16982883593c118017b566', description='null'}-ac-lvq4pvj-shard-00-01.fayjnkr.mongodb.net:27017] cluster info - Exception in monitor thread while connecting to server ac-lvq4pvj-shard-00-01.fayjnkr.mongodb.net:27017
com.mongodb.MongoSocketReadTimeoutException: Timeout while receiving message
	at com.mongodb.internal.connection.InternalStreamConnection.createReadTimeoutException(InternalStreamConnection.java:819) ~[mongodb-driver-core-5.3.0.jar:?]
	at com.mongodb.internal.connection.InternalStreamConnection.translateReadException(InternalStreamConnection.java:807) ~[mongodb-driver-core-5.3.0.jar:?]
	at com.mongodb.internal.connection.InternalStreamConnection.receiveResponseBuffers(InternalStreamConnection.java:857) ~[mongodb-driver-core-5.3.0.jar:?]
	at com.mongodb.internal.connection.InternalStreamConnection.receiveCommandMessageResponse(InternalStreamConnection.java:517) ~[mongodb-driver-core-5.3.0.jar:?]
	at com.mongodb.internal.connection.InternalStreamConnection.sendAndReceiveInternal(InternalStreamConnection.java:448) ~[mongodb-driver-core-5.3.0.jar:?]
	at com.mongodb.internal.connection.InternalStreamConnection.lambda$sendAndReceive$0(InternalStreamConnection.java:375) ~[mongodb-driver-core-5.3.0.jar:?]
	at com.mongodb.internal.connection.InternalStreamConnection.sendAndReceive(InternalStreamConnection.java:378) ~[mongodb-driver-core-5.3.0.jar:?]
	at com.mongodb.internal.connection.CommandHelper.sendAndReceive(CommandHelper.java:100) ~[mongodb-driver-core-5.3.0.jar:?]
	at com.mongodb.internal.connection.CommandHelper.executeCommand(CommandHelper.java:49) ~[mongodb-driver-core-5.3.0.jar:?]
	at com.mongodb.internal.connection.InternalStreamConnectionInitializer.initializeConnectionDescription(InternalStreamConnectionInitializer.java:144) ~[mongodb-driver-core-5.3.0.jar:?]
	at com.mongodb.internal.connection.InternalStreamConnectionInitializer.startHandshake(InternalStreamConnectionInitializer.java:79) ~[mongodb-driver-core-5.3.0.jar:?]
	at com.mongodb.internal.connection.InternalStreamConnection.open(InternalStreamConnection.java:235) ~[mongodb-driver-core-5.3.0.jar:?]
	at com.mongodb.internal.connection.DefaultServerMonitor$ServerMonitor.lookupServerDescription(DefaultServerMonitor.java:219) ~[mongodb-driver-core-5.3.0.jar:?]
	at com.mongodb.internal.connection.DefaultServerMonitor$ServerMonitor.run(DefaultServerMonitor.java:176) ~[mongodb-driver-core-5.3.0.jar:?]
Caused by: java.net.SocketTimeoutException: Read timed out
	at sun.nio.ch.NioSocketImpl.timedRead(NioSocketImpl.java:277) ~[?:?]
	at sun.nio.ch.NioSocketImpl.implRead(NioSocketImpl.java:302) ~[?:?]
	at sun.nio.ch.NioSocketImpl.read(NioSocketImpl.java:354) ~[?:?]
	at sun.nio.ch.NioSocketImpl$1.read(NioSocketImpl.java:798) ~[?:?]
	at java.net.Socket$SocketInputStream.implRead(Socket.java:974) ~[?:?]
	at java.net.Socket$SocketInputStream.read(Socket.java:964) ~[?:?]
	at sun.security.ssl.SSLSocketInputRecord.read(SSLSocketInputRecord.java:489) ~[?:?]
	at sun.security.ssl.SSLSocketInputRecord.readHeader(SSLSocketInputRecord.java:483) ~[?:?]
	at sun.security.ssl.SSLSocketInputRecord.bytesInCompletePacket(SSLSocketInputRecord.java:70) ~[?:?]
	at sun.security.ssl.SSLSocketImpl.readApplicationRecord(SSLSocketImpl.java:1461) ~[?:?]
	at sun.security.ssl.SSLSocketImpl$AppInputStream.read(SSLSocketImpl.java:1068) ~[?:?]
	at com.mongodb.internal.connection.SocketStream.read(SocketStream.java:182) ~[mongodb-driver-core-5.3.0.jar:?]
	at com.mongodb.internal.connection.InternalStreamConnection.receiveResponseBuffers(InternalStreamConnection.java:824) ~[mongodb-driver-core-5.3.0.jar:?]
	... 11 more
[INFO ] 2026-05-27 12:39:40.232 [cluster-ClusterId{value='6a16982883593c118017b566', description='null'}-ac-lvq4pvj-shard-00-02.fayjnkr.mongodb.net:27017] cluster info - Exception in monitor thread while connecting to server ac-lvq4pvj-shard-00-02.fayjnkr.mongodb.net:27017
com.mongodb.MongoSocketReadTimeoutException: Timeout while receiving message
	at com.mongodb.internal.connection.InternalStreamConnection.createReadTimeoutException(InternalStreamConnection.java:819) ~[mongodb-driver-core-5.3.0.jar:?]
	at com.mongodb.internal.connection.InternalStreamConnection.translateReadException(InternalStreamConnection.java:807) ~[mongodb-driver-core-5.3.0.jar:?]
	at com.mongodb.internal.connection.InternalStreamConnection.receiveResponseBuffers(InternalStreamConnection.java:857) ~[mongodb-driver-core-5.3.0.jar:?]
	at com.mongodb.internal.connection.InternalStreamConnection.receiveCommandMessageResponse(InternalStreamConnection.java:517) ~[mongodb-driver-core-5.3.0.jar:?]
	at com.mongodb.internal.connection.InternalStreamConnection.sendAndReceiveInternal(InternalStreamConnection.java:448) ~[mongodb-driver-core-5.3.0.jar:?]
	at com.mongodb.internal.connection.InternalStreamConnection.lambda$sendAndReceive$0(InternalStreamConnection.java:375) ~[mongodb-driver-core-5.3.0.jar:?]
	at com.mongodb.internal.connection.InternalStreamConnection.sendAndReceive(InternalStreamConnection.java:378) ~[mongodb-driver-core-5.3.0.jar:?]
	at com.mongodb.internal.connection.CommandHelper.sendAndReceive(CommandHelper.java:100) ~[mongodb-driver-core-5.3.0.jar:?]
	at com.mongodb.internal.connection.CommandHelper.executeCommand(CommandHelper.java:49) ~[mongodb-driver-core-5.3.0.jar:?]
	at com.mongodb.internal.connection.InternalStreamConnectionInitializer.initializeConnectionDescription(InternalStreamConnectionInitializer.java:144) ~[mongodb-driver-core-5.3.0.jar:?]
	at com.mongodb.internal.connection.InternalStreamConnectionInitializer.startHandshake(InternalStreamConnectionInitializer.java:79) ~[mongodb-driver-core-5.3.0.jar:?]
	at com.mongodb.internal.connection.InternalStreamConnection.open(InternalStreamConnection.java:235) ~[mongodb-driver-core-5.3.0.jar:?]
	at com.mongodb.internal.connection.DefaultServerMonitor$ServerMonitor.lookupServerDescription(DefaultServerMonitor.java:219) ~[mongodb-driver-core-5.3.0.jar:?]
	at com.mongodb.internal.connection.DefaultServerMonitor$ServerMonitor.run(DefaultServerMonitor.java:176) ~[mongodb-driver-core-5.3.0.jar:?]
Caused by: java.net.SocketTimeoutException: Read timed out
	at sun.nio.ch.NioSocketImpl.timedRead(NioSocketImpl.java:277) ~[?:?]
	at sun.nio.ch.NioSocketImpl.implRead(NioSocketImpl.java:302) ~[?:?]
	at sun.nio.ch.NioSocketImpl.read(NioSocketImpl.java:354) ~[?:?]
	at sun.nio.ch.NioSocketImpl$1.read(NioSocketImpl.java:798) ~[?:?]
	at java.net.Socket$SocketInputStream.implRead(Socket.java:974) ~[?:?]
	at java.net.Socket$SocketInputStream.read(Socket.java:964) ~[?:?]
	at sun.security.ssl.SSLSocketInputRecord.read(SSLSocketInputRecord.java:489) ~[?:?]
	at sun.security.ssl.SSLSocketInputRecord.readHeader(SSLSocketInputRecord.java:483) ~[?:?]
	at sun.security.ssl.SSLSocketInputRecord.bytesInCompletePacket(SSLSocketInputRecord.java:70) ~[?:?]
	at sun.security.ssl.SSLSocketImpl.readApplicationRecord(SSLSocketImpl.java:1461) ~[?:?]
	at sun.security.ssl.SSLSocketImpl$AppInputStream.read(SSLSocketImpl.java:1068) ~[?:?]
	at com.mongodb.internal.connection.SocketStream.read(SocketStream.java:182) ~[mongodb-driver-core-5.3.0.jar:?]
	at com.mongodb.internal.connection.InternalStreamConnection.receiveResponseBuffers(InternalStreamConnection.java:824) ~[mongodb-driver-core-5.3.0.jar:?]
	... 11 more
[INFO ] 2026-05-27 12:39:56.325 [cluster-ClusterId{value='6a16982883593c118017b566', description='null'}-ac-lvq4pvj-shard-00-00.fayjnkr.mongodb.net:27017] cluster info - Monitor thread successfully connected to server with description ServerDescription{address=ac-lvq4pvj-shard-00-00.fayjnkr.mongodb.net:27017, type=REPLICA_SET_SECONDARY, cryptd=false, state=CONNECTED, ok=true, minWireVersion=0, maxWireVersion=25, maxDocumentSize=16777216, logicalSessionTimeoutMinutes=30, roundTripTimeNanos=2721272300, minRoundTripTimeNanos=0, setName='atlas-l9r42w-shard-0', canonicalAddress=ac-lvq4pvj-shard-00-00.fayjnkr.mongodb.net:27017, hosts=[ac-lvq4pvj-shard-00-02.fayjnkr.mongodb.net:27017, ac-lvq4pvj-shard-00-00.fayjnkr.mongodb.net:27017, ac-lvq4pvj-shard-00-01.fayjnkr.mongodb.net:27017], passives=[], arbiters=[], primary='ac-lvq4pvj-shard-00-02.fayjnkr.mongodb.net:27017', tagSet=TagSet{[Tag{name='availabilityZone', value='aps1-az1'}, Tag{name='cacheState', value='READY'}, Tag{name='diskState', value='READY'}, Tag{name='nodeType', value='ELECTABLE'}, Tag{name='provider', value='AWS'}, Tag{name='region', value='AP_SOUTH_1'}, Tag{name='workloadType', value='OPERATIONAL'}]}, electionId=null, setVersion=338, topologyVersion=TopologyVersion{processId=6a11fb8c65d294a7de14e943, counter=4}, lastWriteDate=Wed May 27 12:39:55 IST 2026, lastUpdateTimeNanos=91097161832200}
[INFO ] 2026-05-27 12:39:56.347 [cluster-ClusterId{value='6a16982883593c118017b566', description='null'}-ac-lvq4pvj-shard-00-01.fayjnkr.mongodb.net:27017] cluster info - Monitor thread successfully connected to server with description ServerDescription{address=ac-lvq4pvj-shard-00-01.fayjnkr.mongodb.net:27017, type=REPLICA_SET_SECONDARY, cryptd=false, state=CONNECTED, ok=true, minWireVersion=0, maxWireVersion=25, maxDocumentSize=16777216, logicalSessionTimeoutMinutes=30, roundTripTimeNanos=2743294200, minRoundTripTimeNanos=0, setName='atlas-l9r42w-shard-0', canonicalAddress=ac-lvq4pvj-shard-00-01.fayjnkr.mongodb.net:27017, hosts=[ac-lvq4pvj-shard-00-02.fayjnkr.mongodb.net:27017, ac-lvq4pvj-shard-00-00.fayjnkr.mongodb.net:27017, ac-lvq4pvj-shard-00-01.fayjnkr.mongodb.net:27017], passives=[], arbiters=[], primary='ac-lvq4pvj-shard-00-02.fayjnkr.mongodb.net:27017', tagSet=TagSet{[Tag{name='availabilityZone', value='aps1-az3'}, Tag{name='cacheState', value='READY'}, Tag{name='diskState', value='READY'}, Tag{name='nodeType', value='ELECTABLE'}, Tag{name='provider', value='AWS'}, Tag{name='region', value='AP_SOUTH_1'}, Tag{name='workloadType', value='OPERATIONAL'}]}, electionId=null, setVersion=338, topologyVersion=TopologyVersion{processId=6a120098bae59eb1c4ab559b, counter=3}, lastWriteDate=Wed May 27 12:39:55 IST 2026, lastUpdateTimeNanos=91097183922000}
[INFO ] 2026-05-27 12:39:56.560 [cluster-ClusterId{value='6a16982883593c118017b566', description='null'}-ac-lvq4pvj-shard-00-02.fayjnkr.mongodb.net:27017] cluster info - Monitor thread successfully connected to server with description ServerDescription{address=ac-lvq4pvj-shard-00-02.fayjnkr.mongodb.net:27017, type=REPLICA_SET_PRIMARY, cryptd=false, state=CONNECTED, ok=true, minWireVersion=0, maxWireVersion=25, maxDocumentSize=16777216, logicalSessionTimeoutMinutes=30, roundTripTimeNanos=2821559800, minRoundTripTimeNanos=0, setName='atlas-l9r42w-shard-0', canonicalAddress=ac-lvq4pvj-shard-00-02.fayjnkr.mongodb.net:27017, hosts=[ac-lvq4pvj-shard-00-02.fayjnkr.mongodb.net:27017, ac-lvq4pvj-shard-00-00.fayjnkr.mongodb.net:27017, ac-lvq4pvj-shard-00-01.fayjnkr.mongodb.net:27017], passives=[], arbiters=[], primary='ac-lvq4pvj-shard-00-02.fayjnkr.mongodb.net:27017', tagSet=TagSet{[Tag{name='availabilityZone', value='aps1-az2'}, Tag{name='cacheState', value='READY'}, Tag{name='diskState', value='READY'}, Tag{name='nodeType', value='ELECTABLE'}, Tag{name='provider', value='AWS'}, Tag{name='region', value='AP_SOUTH_1'}, Tag{name='workloadType', value='OPERATIONAL'}]}, electionId=7fffffff0000000000000140, setVersion=338, topologyVersion=TopologyVersion{processId=6a11fe26c71487bdf2b153af, counter=6}, lastWriteDate=Wed May 27 12:39:55 IST 2026, lastUpdateTimeNanos=91097396969700}
[INFO ] 2026-05-27 12:39:56.561 [cluster-ClusterId{value='6a16982883593c118017b566', description='null'}-ac-lvq4pvj-shard-00-02.fayjnkr.mongodb.net:27017] cluster info - Discovered replica set primary ac-lvq4pvj-shard-00-02.fayjnkr.mongodb.net:27017 with max election id 7fffffff0000000000000140 and max set version 338
[INFO ] 2026-05-27 12:40:26.845 [cluster-ClusterId{value='6a16982883593c118017b566', description='null'}-ac-lvq4pvj-shard-00-00.fayjnkr.mongodb.net:27017] cluster info - Exception in monitor thread while connecting to server ac-lvq4pvj-shard-00-00.fayjnkr.mongodb.net:27017
com.mongodb.MongoSocketReadTimeoutException: Timeout while receiving message
	at com.mongodb.internal.connection.InternalStreamConnection.createReadTimeoutException(InternalStreamConnection.java:819) ~[mongodb-driver-core-5.3.0.jar:?]
	at com.mongodb.internal.connection.InternalStreamConnection.translateReadException(InternalStreamConnection.java:807) ~[mongodb-driver-core-5.3.0.jar:?]
	at com.mongodb.internal.connection.InternalStreamConnection.receiveResponseBuffers(InternalStreamConnection.java:857) ~[mongodb-driver-core-5.3.0.jar:?]
	at com.mongodb.internal.connection.InternalStreamConnection.receiveCommandMessageResponse(InternalStreamConnection.java:517) ~[mongodb-driver-core-5.3.0.jar:?]
	at com.mongodb.internal.connection.InternalStreamConnection.receive(InternalStreamConnection.java:469) ~[mongodb-driver-core-5.3.0.jar:?]
	at com.mongodb.internal.connection.DefaultServerMonitor$ServerMonitor.lookupServerDescription(DefaultServerMonitor.java:249) ~[mongodb-driver-core-5.3.0.jar:?]
	at com.mongodb.internal.connection.DefaultServerMonitor$ServerMonitor.run(DefaultServerMonitor.java:176) ~[mongodb-driver-core-5.3.0.jar:?]
Caused by: java.net.SocketTimeoutException: Read timed out
	at sun.nio.ch.NioSocketImpl.timedRead(NioSocketImpl.java:277) ~[?:?]
	at sun.nio.ch.NioSocketImpl.implRead(NioSocketImpl.java:302) ~[?:?]
	at sun.nio.ch.NioSocketImpl.read(NioSocketImpl.java:354) ~[?:?]
	at sun.nio.ch.NioSocketImpl$1.read(NioSocketImpl.java:798) ~[?:?]
	at java.net.Socket$SocketInputStream.implRead(Socket.java:974) ~[?:?]
	at java.net.Socket$SocketInputStream.read(Socket.java:964) ~[?:?]
	at sun.security.ssl.SSLSocketInputRecord.read(SSLSocketInputRecord.java:489) ~[?:?]
	at sun.security.ssl.SSLSocketInputRecord.readHeader(SSLSocketInputRecord.java:483) ~[?:?]
	at sun.security.ssl.SSLSocketInputRecord.bytesInCompletePacket(SSLSocketInputRecord.java:70) ~[?:?]
	at sun.security.ssl.SSLSocketImpl.readApplicationRecord(SSLSocketImpl.java:1461) ~[?:?]
	at sun.security.ssl.SSLSocketImpl$AppInputStream.read(SSLSocketImpl.java:1068) ~[?:?]
	at com.mongodb.internal.connection.SocketStream.read(SocketStream.java:182) ~[mongodb-driver-core-5.3.0.jar:?]
	at com.mongodb.internal.connection.InternalStreamConnection.receiveResponseBuffers(InternalStreamConnection.java:824) ~[mongodb-driver-core-5.3.0.jar:?]
	... 4 more
[INFO ] 2026-05-27 12:40:36.849 [cluster-ClusterId{value='6a16982883593c118017b566', description='null'}-ac-lvq4pvj-shard-00-00.fayjnkr.mongodb.net:27017] cluster info - Exception in monitor thread while connecting to server ac-lvq4pvj-shard-00-00.fayjnkr.mongodb.net:27017
com.mongodb.MongoSocketOpenException: Exception opening socket
	at com.mongodb.internal.connection.SocketStream.lambda$open$0(SocketStream.java:85) ~[mongodb-driver-core-5.3.0.jar:?]
	at java.util.Optional.orElseThrow(Optional.java:403) ~[?:?]
	at com.mongodb.internal.connection.SocketStream.open(SocketStream.java:85) ~[mongodb-driver-core-5.3.0.jar:?]
	at com.mongodb.internal.connection.InternalStreamConnection.open(InternalStreamConnection.java:233) ~[mongodb-driver-core-5.3.0.jar:?]
	at com.mongodb.internal.connection.DefaultServerMonitor$ServerMonitor.lookupServerDescription(DefaultServerMonitor.java:219) ~[mongodb-driver-core-5.3.0.jar:?]
	at com.mongodb.internal.connection.DefaultServerMonitor$ServerMonitor.run(DefaultServerMonitor.java:176) ~[mongodb-driver-core-5.3.0.jar:?]
Caused by: java.net.SocketTimeoutException: Connect timed out
	at sun.nio.ch.NioSocketImpl.timedFinishConnect(NioSocketImpl.java:547) ~[?:?]
	at sun.nio.ch.NioSocketImpl.connect(NioSocketImpl.java:594) ~[?:?]
	at java.net.SocksSocketImpl.connect(SocksSocketImpl.java:284) ~[?:?]
	at java.net.Socket.connect(Socket.java:659) ~[?:?]
	at sun.security.ssl.SSLSocketImpl.connect(SSLSocketImpl.java:304) ~[?:?]
	at com.mongodb.internal.connection.SocketStreamHelper.initialize(SocketStreamHelper.java:76) ~[mongodb-driver-core-5.3.0.jar:?]
	at com.mongodb.internal.connection.SocketStream.initializeSocket(SocketStream.java:104) ~[mongodb-driver-core-5.3.0.jar:?]
	at com.mongodb.internal.connection.SocketStream.open(SocketStream.java:79) ~[mongodb-driver-core-5.3.0.jar:?]
	... 3 more
[INFO ] 2026-05-27 12:40:41.583 [cluster-ClusterId{value='6a16982883593c118017b566', description='null'}-ac-lvq4pvj-shard-00-01.fayjnkr.mongodb.net:27017] cluster info - Exception in monitor thread while connecting to server ac-lvq4pvj-shard-00-01.fayjnkr.mongodb.net:27017
com.mongodb.MongoSocketReadTimeoutException: Timeout while receiving message
	at com.mongodb.internal.connection.InternalStreamConnection.createReadTimeoutException(InternalStreamConnection.java:819) ~[mongodb-driver-core-5.3.0.jar:?]
	at com.mongodb.internal.connection.InternalStreamConnection.translateReadException(InternalStreamConnection.java:807) ~[mongodb-driver-core-5.3.0.jar:?]
	at com.mongodb.internal.connection.InternalStreamConnection.receiveResponseBuffers(InternalStreamConnection.java:857) ~[mongodb-driver-core-5.3.0.jar:?]
	at com.mongodb.internal.connection.InternalStreamConnection.receiveCommandMessageResponse(InternalStreamConnection.java:517) ~[mongodb-driver-core-5.3.0.jar:?]
	at com.mongodb.internal.connection.InternalStreamConnection.receive(InternalStreamConnection.java:469) ~[mongodb-driver-core-5.3.0.jar:?]
	at com.mongodb.internal.connection.DefaultServerMonitor$ServerMonitor.lookupServerDescription(DefaultServerMonitor.java:249) ~[mongodb-driver-core-5.3.0.jar:?]
	at com.mongodb.internal.connection.DefaultServerMonitor$ServerMonitor.run(DefaultServerMonitor.java:176) ~[mongodb-driver-core-5.3.0.jar:?]
Caused by: java.net.SocketTimeoutException: Read timed out
	at sun.nio.ch.NioSocketImpl.timedRead(NioSocketImpl.java:277) ~[?:?]
	at sun.nio.ch.NioSocketImpl.implRead(NioSocketImpl.java:302) ~[?:?]
	at sun.nio.ch.NioSocketImpl.read(NioSocketImpl.java:354) ~[?:?]
	at sun.nio.ch.NioSocketImpl$1.read(NioSocketImpl.java:798) ~[?:?]
	at java.net.Socket$SocketInputStream.implRead(Socket.java:974) ~[?:?]
	at java.net.Socket$SocketInputStream.read(Socket.java:964) ~[?:?]
	at sun.security.ssl.SSLSocketInputRecord.read(SSLSocketInputRecord.java:489) ~[?:?]
	at sun.security.ssl.SSLSocketInputRecord.readHeader(SSLSocketInputRecord.java:483) ~[?:?]
	at sun.security.ssl.SSLSocketInputRecord.bytesInCompletePacket(SSLSocketInputRecord.java:70) ~[?:?]
	at sun.security.ssl.SSLSocketImpl.readApplicationRecord(SSLSocketImpl.java:1461) ~[?:?]
	at sun.security.ssl.SSLSocketImpl$AppInputStream.read(SSLSocketImpl.java:1068) ~[?:?]
	at com.mongodb.internal.connection.SocketStream.read(SocketStream.java:182) ~[mongodb-driver-core-5.3.0.jar:?]
	at com.mongodb.internal.connection.InternalStreamConnection.receiveResponseBuffers(InternalStreamConnection.java:824) ~[mongodb-driver-core-5.3.0.jar:?]
	... 4 more
[INFO ] 2026-05-27 12:40:42.105 [cluster-ClusterId{value='6a16982883593c118017b566', description='null'}-ac-lvq4pvj-shard-00-02.fayjnkr.mongodb.net:27017] cluster info - Exception in monitor thread while connecting to server ac-lvq4pvj-shard-00-02.fayjnkr.mongodb.net:27017
com.mongodb.MongoSocketReadException: Exception receiving message
	at com.mongodb.internal.connection.InternalStreamConnection.translateReadException(InternalStreamConnection.java:809) ~[mongodb-driver-core-5.3.0.jar:?]
	at com.mongodb.internal.connection.InternalStreamConnection.receiveResponseBuffers(InternalStreamConnection.java:857) ~[mongodb-driver-core-5.3.0.jar:?]
	at com.mongodb.internal.connection.InternalStreamConnection.receiveCommandMessageResponse(InternalStreamConnection.java:517) ~[mongodb-driver-core-5.3.0.jar:?]
	at com.mongodb.internal.connection.InternalStreamConnection.receive(InternalStreamConnection.java:469) ~[mongodb-driver-core-5.3.0.jar:?]
	at com.mongodb.internal.connection.DefaultServerMonitor$ServerMonitor.lookupServerDescription(DefaultServerMonitor.java:249) ~[mongodb-driver-core-5.3.0.jar:?]
	at com.mongodb.internal.connection.DefaultServerMonitor$ServerMonitor.run(DefaultServerMonitor.java:176) ~[mongodb-driver-core-5.3.0.jar:?]
Caused by: java.net.SocketException: Connection reset
	at sun.nio.ch.NioSocketImpl.implRead(NioSocketImpl.java:316) ~[?:?]
	at sun.nio.ch.NioSocketImpl.read(NioSocketImpl.java:354) ~[?:?]
	at sun.nio.ch.NioSocketImpl$1.read(NioSocketImpl.java:798) ~[?:?]
	at java.net.Socket$SocketInputStream.implRead(Socket.java:974) ~[?:?]
	at java.net.Socket$SocketInputStream.read(Socket.java:964) ~[?:?]
	at sun.security.ssl.SSLSocketInputRecord.read(SSLSocketInputRecord.java:489) ~[?:?]
	at sun.security.ssl.SSLSocketInputRecord.readHeader(SSLSocketInputRecord.java:483) ~[?:?]
	at sun.security.ssl.SSLSocketInputRecord.bytesInCompletePacket(SSLSocketInputRecord.java:70) ~[?:?]
	at sun.security.ssl.SSLSocketImpl.readApplicationRecord(SSLSocketImpl.java:1461) ~[?:?]
	at sun.security.ssl.SSLSocketImpl$AppInputStream.read(SSLSocketImpl.java:1068) ~[?:?]
	at com.mongodb.internal.connection.SocketStream.read(SocketStream.java:182) ~[mongodb-driver-core-5.3.0.jar:?]
	at com.mongodb.internal.connection.InternalStreamConnection.receiveResponseBuffers(InternalStreamConnection.java:824) ~[mongodb-driver-core-5.3.0.jar:?]
	... 4 more
[INFO ] 2026-05-27 12:40:42.107 [cluster-ClusterId{value='6a16982883593c118017b566', description='null'}-ac-lvq4pvj-shard-00-01.fayjnkr.mongodb.net:27017] cluster info - Exception in monitor thread while connecting to server ac-lvq4pvj-shard-00-01.fayjnkr.mongodb.net:27017
com.mongodb.MongoSocketOpenException: Exception opening socket
	at com.mongodb.internal.connection.SocketStream.lambda$open$0(SocketStream.java:85) ~[mongodb-driver-core-5.3.0.jar:?]
	at java.util.Optional.orElseThrow(Optional.java:403) ~[?:?]
	at com.mongodb.internal.connection.SocketStream.open(SocketStream.java:85) ~[mongodb-driver-core-5.3.0.jar:?]
	at com.mongodb.internal.connection.InternalStreamConnection.open(InternalStreamConnection.java:233) ~[mongodb-driver-core-5.3.0.jar:?]
	at com.mongodb.internal.connection.DefaultServerMonitor$ServerMonitor.lookupServerDescription(DefaultServerMonitor.java:219) ~[mongodb-driver-core-5.3.0.jar:?]
	at com.mongodb.internal.connection.DefaultServerMonitor$ServerMonitor.run(DefaultServerMonitor.java:176) ~[mongodb-driver-core-5.3.0.jar:?]
Caused by: java.net.SocketException: Software caused connection abort: getsockopt
	at sun.nio.ch.Net.pollConnect(Native Method) ~[?:?]
	at sun.nio.ch.Net.pollConnectNow(Net.java:639) ~[?:?]
	at sun.nio.ch.NioSocketImpl.timedFinishConnect(NioSocketImpl.java:550) ~[?:?]
	at sun.nio.ch.NioSocketImpl.connect(NioSocketImpl.java:594) ~[?:?]
	at java.net.SocksSocketImpl.connect(SocksSocketImpl.java:284) ~[?:?]
	at java.net.Socket.connect(Socket.java:659) ~[?:?]
	at sun.security.ssl.SSLSocketImpl.connect(SSLSocketImpl.java:304) ~[?:?]
	at com.mongodb.internal.connection.SocketStreamHelper.initialize(SocketStreamHelper.java:76) ~[mongodb-driver-core-5.3.0.jar:?]
	at com.mongodb.internal.connection.SocketStream.initializeSocket(SocketStream.java:104) ~[mongodb-driver-core-5.3.0.jar:?]
	at com.mongodb.internal.connection.SocketStream.open(SocketStream.java:79) ~[mongodb-driver-core-5.3.0.jar:?]
	... 3 more
[INFO ] 2026-05-27 12:40:42.156 [cluster-ClusterId{value='6a16982883593c118017b566', description='null'}-ac-lvq4pvj-shard-00-02.fayjnkr.mongodb.net:27017] cluster info - Exception in monitor thread while connecting to server ac-lvq4pvj-shard-00-02.fayjnkr.mongodb.net:27017
com.mongodb.MongoSocketOpenException: Exception opening socket
	at com.mongodb.internal.connection.SocketStream.lambda$open$0(SocketStream.java:85) ~[mongodb-driver-core-5.3.0.jar:?]
	at java.util.Optional.orElseThrow(Optional.java:403) ~[?:?]
	at com.mongodb.internal.connection.SocketStream.open(SocketStream.java:85) ~[mongodb-driver-core-5.3.0.jar:?]
	at com.mongodb.internal.connection.InternalStreamConnection.open(InternalStreamConnection.java:233) ~[mongodb-driver-core-5.3.0.jar:?]
	at com.mongodb.internal.connection.DefaultServerMonitor$ServerMonitor.lookupServerDescription(DefaultServerMonitor.java:219) ~[mongodb-driver-core-5.3.0.jar:?]
	at com.mongodb.internal.connection.DefaultServerMonitor$ServerMonitor.run(DefaultServerMonitor.java:176) ~[mongodb-driver-core-5.3.0.jar:?]
Caused by: java.net.SocketException: Network is unreachable: getsockopt
	at sun.nio.ch.Net.pollConnect(Native Method) ~[?:?]
	at sun.nio.ch.Net.pollConnectNow(Net.java:639) ~[?:?]
	at sun.nio.ch.NioSocketImpl.timedFinishConnect(NioSocketImpl.java:543) ~[?:?]
	at sun.nio.ch.NioSocketImpl.connect(NioSocketImpl.java:594) ~[?:?]
	at java.net.SocksSocketImpl.connect(SocksSocketImpl.java:284) ~[?:?]
	at java.net.Socket.connect(Socket.java:659) ~[?:?]
	at sun.security.ssl.SSLSocketImpl.connect(SSLSocketImpl.java:304) ~[?:?]
	at com.mongodb.internal.connection.SocketStreamHelper.initialize(SocketStreamHelper.java:76) ~[mongodb-driver-core-5.3.0.jar:?]
	at com.mongodb.internal.connection.SocketStream.initializeSocket(SocketStream.java:104) ~[mongodb-driver-core-5.3.0.jar:?]
	at com.mongodb.internal.connection.SocketStream.open(SocketStream.java:79) ~[mongodb-driver-core-5.3.0.jar:?]
	... 3 more
[INFO ] 2026-05-27 12:40:56.865 [cluster-ClusterId{value='6a16982883593c118017b566', description='null'}-ac-lvq4pvj-shard-00-00.fayjnkr.mongodb.net:27017] cluster info - Exception in monitor thread while connecting to server ac-lvq4pvj-shard-00-00.fayjnkr.mongodb.net:27017
com.mongodb.MongoSocketException: No such host is known (ac-lvq4pvj-shard-00-00.fayjnkr.mongodb.net)
	at com.mongodb.internal.connection.ServerAddressHelper.getSocketAddresses(ServerAddressHelper.java:75) ~[mongodb-driver-core-5.3.0.jar:?]
	at com.mongodb.internal.connection.SocketStream.initializeSocket(SocketStream.java:100) ~[mongodb-driver-core-5.3.0.jar:?]
	at com.mongodb.internal.connection.SocketStream.open(SocketStream.java:79) ~[mongodb-driver-core-5.3.0.jar:?]
	at com.mongodb.internal.connection.InternalStreamConnection.open(InternalStreamConnection.java:233) ~[mongodb-driver-core-5.3.0.jar:?]
	at com.mongodb.internal.connection.DefaultServerMonitor$ServerMonitor.lookupServerDescription(DefaultServerMonitor.java:219) ~[mongodb-driver-core-5.3.0.jar:?]
	at com.mongodb.internal.connection.DefaultServerMonitor$ServerMonitor.run(DefaultServerMonitor.java:176) ~[mongodb-driver-core-5.3.0.jar:?]
Caused by: java.net.UnknownHostException: No such host is known (ac-lvq4pvj-shard-00-00.fayjnkr.mongodb.net)
	at java.net.Inet6AddressImpl.lookupAllHostAddr(Native Method) ~[?:?]
	at java.net.Inet6AddressImpl.lookupAllHostAddr(Inet6AddressImpl.java:52) ~[?:?]
	at java.net.InetAddress$PlatformResolver.lookupByName(InetAddress.java:1134) ~[?:?]
	at java.net.InetAddress.getAddressesFromNameService(InetAddress.java:1712) ~[?:?]
	at java.net.InetAddress$NameServiceAddresses.get(InetAddress.java:1060) ~[?:?]
	at java.net.InetAddress.getAllByName0(InetAddress.java:1702) ~[?:?]
	at java.net.InetAddress.getAllByName(InetAddress.java:1582) ~[?:?]
	at com.mongodb.internal.connection.DefaultInetAddressResolver.lookupByName(DefaultInetAddressResolver.java:34) ~[mongodb-driver-core-5.3.0.jar:?]
	at com.mongodb.internal.connection.ServerAddressHelper.getSocketAddresses(ServerAddressHelper.java:71) ~[mongodb-driver-core-5.3.0.jar:?]
	... 5 more
[INFO ] 2026-05-27 12:41:02.156 [cluster-ClusterId{value='6a16982883593c118017b566', description='null'}-ac-lvq4pvj-shard-00-01.fayjnkr.mongodb.net:27017] cluster info - Exception in monitor thread while connecting to server ac-lvq4pvj-shard-00-01.fayjnkr.mongodb.net:27017
com.mongodb.MongoSocketException: ac-lvq4pvj-shard-00-01.fayjnkr.mongodb.net
	at com.mongodb.internal.connection.ServerAddressHelper.getSocketAddresses(ServerAddressHelper.java:75) ~[mongodb-driver-core-5.3.0.jar:?]
	at com.mongodb.internal.connection.SocketStream.initializeSocket(SocketStream.java:100) ~[mongodb-driver-core-5.3.0.jar:?]
	at com.mongodb.internal.connection.SocketStream.open(SocketStream.java:79) ~[mongodb-driver-core-5.3.0.jar:?]
	at com.mongodb.internal.connection.InternalStreamConnection.open(InternalStreamConnection.java:233) ~[mongodb-driver-core-5.3.0.jar:?]
	at com.mongodb.internal.connection.DefaultServerMonitor$ServerMonitor.lookupServerDescription(DefaultServerMonitor.java:219) ~[mongodb-driver-core-5.3.0.jar:?]
	at com.mongodb.internal.connection.DefaultServerMonitor$ServerMonitor.run(DefaultServerMonitor.java:176) ~[mongodb-driver-core-5.3.0.jar:?]
Caused by: java.net.UnknownHostException: ac-lvq4pvj-shard-00-01.fayjnkr.mongodb.net
	at java.net.InetAddress$CachedLookup.get(InetAddress.java:909) ~[?:?]
	at java.net.InetAddress.getAllByName0(InetAddress.java:1702) ~[?:?]
	at java.net.InetAddress.getAllByName(InetAddress.java:1582) ~[?:?]
	at com.mongodb.internal.connection.DefaultInetAddressResolver.lookupByName(DefaultInetAddressResolver.java:34) ~[mongodb-driver-core-5.3.0.jar:?]
	at com.mongodb.internal.connection.ServerAddressHelper.getSocketAddresses(ServerAddressHelper.java:71) ~[mongodb-driver-core-5.3.0.jar:?]
	... 5 more
[INFO ] 2026-05-27 12:41:20.460 [cluster-ClusterId{value='6a16982883593c118017b566', description='null'}-ac-lvq4pvj-shard-00-01.fayjnkr.mongodb.net:27017] cluster info - Exception in monitor thread while connecting to server ac-lvq4pvj-shard-00-01.fayjnkr.mongodb.net:27017
com.mongodb.MongoSocketWriteException: Exception sending message
	at com.mongodb.internal.connection.InternalStreamConnection.throwTranslatedWriteException(InternalStreamConnection.java:785) ~[mongodb-driver-core-5.3.0.jar:?]
	at com.mongodb.internal.connection.InternalStreamConnection.sendMessage(InternalStreamConnection.java:670) ~[mongodb-driver-core-5.3.0.jar:?]
	at com.mongodb.internal.connection.InternalStreamConnection.trySendMessage(InternalStreamConnection.java:507) ~[mongodb-driver-core-5.3.0.jar:?]
	at com.mongodb.internal.connection.InternalStreamConnection.sendCommandMessage(InternalStreamConnection.java:482) ~[mongodb-driver-core-5.3.0.jar:?]
	at com.mongodb.internal.connection.InternalStreamConnection.sendAndReceiveInternal(InternalStreamConnection.java:440) ~[mongodb-driver-core-5.3.0.jar:?]
	at com.mongodb.internal.connection.InternalStreamConnection.lambda$sendAndReceive$0(InternalStreamConnection.java:375) ~[mongodb-driver-core-5.3.0.jar:?]
	at com.mongodb.internal.connection.InternalStreamConnection.sendAndReceive(InternalStreamConnection.java:378) ~[mongodb-driver-core-5.3.0.jar:?]
	at com.mongodb.internal.connection.CommandHelper.sendAndReceive(CommandHelper.java:100) ~[mongodb-driver-core-5.3.0.jar:?]
	at com.mongodb.internal.connection.CommandHelper.executeCommand(CommandHelper.java:49) ~[mongodb-driver-core-5.3.0.jar:?]
	at com.mongodb.internal.connection.InternalStreamConnectionInitializer.initializeConnectionDescription(InternalStreamConnectionInitializer.java:144) ~[mongodb-driver-core-5.3.0.jar:?]
	at com.mongodb.internal.connection.InternalStreamConnectionInitializer.startHandshake(InternalStreamConnectionInitializer.java:79) ~[mongodb-driver-core-5.3.0.jar:?]
	at com.mongodb.internal.connection.InternalStreamConnection.open(InternalStreamConnection.java:235) ~[mongodb-driver-core-5.3.0.jar:?]
	at com.mongodb.internal.connection.DefaultServerMonitor$ServerMonitor.lookupServerDescription(DefaultServerMonitor.java:219) ~[mongodb-driver-core-5.3.0.jar:?]
	at com.mongodb.internal.connection.DefaultServerMonitor$ServerMonitor.run(DefaultServerMonitor.java:176) ~[mongodb-driver-core-5.3.0.jar:?]
Caused by: javax.net.ssl.SSLException: (internal_error) Received fatal alert: internal_error
	at sun.security.ssl.Alert.createSSLException(Alert.java:132) ~[?:?]
	at sun.security.ssl.Alert.createSSLException(Alert.java:117) ~[?:?]
	at sun.security.ssl.TransportContext.fatal(TransportContext.java:363) ~[?:?]
	at sun.security.ssl.Alert$AlertConsumer.consume(Alert.java:287) ~[?:?]
	at sun.security.ssl.TransportContext.dispatch(TransportContext.java:202) ~[?:?]
	at sun.security.ssl.SSLTransport.decode(SSLTransport.java:172) ~[?:?]
	at sun.security.ssl.SSLSocketImpl.decode(SSLSocketImpl.java:1506) ~[?:?]
	at sun.security.ssl.SSLSocketImpl.readHandshakeRecord(SSLSocketImpl.java:1421) ~[?:?]
	at sun.security.ssl.SSLSocketImpl.startHandshake(SSLSocketImpl.java:455) ~[?:?]
	at sun.security.ssl.SSLSocketImpl.ensureNegotiated(SSLSocketImpl.java:924) ~[?:?]
	at sun.security.ssl.SSLSocketImpl$AppOutputStream.write(SSLSocketImpl.java:1293) ~[?:?]
	at com.mongodb.internal.connection.SocketStream.write(SocketStream.java:165) ~[mongodb-driver-core-5.3.0.jar:?]
	at com.mongodb.internal.connection.InternalStreamConnection.sendMessage(InternalStreamConnection.java:667) ~[mongodb-driver-core-5.3.0.jar:?]
	... 12 more
[INFO ] 2026-05-27 12:41:20.615 [cluster-ClusterId{value='6a16982883593c118017b566', description='null'}-ac-lvq4pvj-shard-00-02.fayjnkr.mongodb.net:27017] cluster info - Exception in monitor thread while connecting to server ac-lvq4pvj-shard-00-02.fayjnkr.mongodb.net:27017
com.mongodb.MongoSocketWriteException: Exception sending message
	at com.mongodb.internal.connection.InternalStreamConnection.throwTranslatedWriteException(InternalStreamConnection.java:785) ~[mongodb-driver-core-5.3.0.jar:?]
	at com.mongodb.internal.connection.InternalStreamConnection.sendMessage(InternalStreamConnection.java:670) ~[mongodb-driver-core-5.3.0.jar:?]
	at com.mongodb.internal.connection.InternalStreamConnection.trySendMessage(InternalStreamConnection.java:507) ~[mongodb-driver-core-5.3.0.jar:?]
	at com.mongodb.internal.connection.InternalStreamConnection.sendCommandMessage(InternalStreamConnection.java:482) ~[mongodb-driver-core-5.3.0.jar:?]
	at com.mongodb.internal.connection.InternalStreamConnection.sendAndReceiveInternal(InternalStreamConnection.java:440) ~[mongodb-driver-core-5.3.0.jar:?]
	at com.mongodb.internal.connection.InternalStreamConnection.lambda$sendAndReceive$0(InternalStreamConnection.java:375) ~[mongodb-driver-core-5.3.0.jar:?]
	at com.mongodb.internal.connection.InternalStreamConnection.sendAndReceive(InternalStreamConnection.java:378) ~[mongodb-driver-core-5.3.0.jar:?]
	at com.mongodb.internal.connection.CommandHelper.sendAndReceive(CommandHelper.java:100) ~[mongodb-driver-core-5.3.0.jar:?]
	at com.mongodb.internal.connection.CommandHelper.executeCommand(CommandHelper.java:49) ~[mongodb-driver-core-5.3.0.jar:?]
	at com.mongodb.internal.connection.InternalStreamConnectionInitializer.initializeConnectionDescription(InternalStreamConnectionInitializer.java:144) ~[mongodb-driver-core-5.3.0.jar:?]
	at com.mongodb.internal.connection.InternalStreamConnectionInitializer.startHandshake(InternalStreamConnectionInitializer.java:79) ~[mongodb-driver-core-5.3.0.jar:?]
	at com.mongodb.internal.connection.InternalStreamConnection.open(InternalStreamConnection.java:235) ~[mongodb-driver-core-5.3.0.jar:?]
	at com.mongodb.internal.connection.DefaultServerMonitor$ServerMonitor.lookupServerDescription(DefaultServerMonitor.java:219) ~[mongodb-driver-core-5.3.0.jar:?]
	at com.mongodb.internal.connection.DefaultServerMonitor$ServerMonitor.run(DefaultServerMonitor.java:176) ~[mongodb-driver-core-5.3.0.jar:?]
Caused by: javax.net.ssl.SSLException: (internal_error) Received fatal alert: internal_error
	at sun.security.ssl.Alert.createSSLException(Alert.java:132) ~[?:?]
	at sun.security.ssl.Alert.createSSLException(Alert.java:117) ~[?:?]
	at sun.security.ssl.TransportContext.fatal(TransportContext.java:363) ~[?:?]
	at sun.security.ssl.Alert$AlertConsumer.consume(Alert.java:287) ~[?:?]
	at sun.security.ssl.TransportContext.dispatch(TransportContext.java:202) ~[?:?]
	at sun.security.ssl.SSLTransport.decode(SSLTransport.java:172) ~[?:?]
	at sun.security.ssl.SSLSocketImpl.decode(SSLSocketImpl.java:1506) ~[?:?]
	at sun.security.ssl.SSLSocketImpl.readHandshakeRecord(SSLSocketImpl.java:1421) ~[?:?]
	at sun.security.ssl.SSLSocketImpl.startHandshake(SSLSocketImpl.java:455) ~[?:?]
	at sun.security.ssl.SSLSocketImpl.ensureNegotiated(SSLSocketImpl.java:924) ~[?:?]
	at sun.security.ssl.SSLSocketImpl$AppOutputStream.write(SSLSocketImpl.java:1293) ~[?:?]
	at com.mongodb.internal.connection.SocketStream.write(SocketStream.java:165) ~[mongodb-driver-core-5.3.0.jar:?]
	at com.mongodb.internal.connection.InternalStreamConnection.sendMessage(InternalStreamConnection.java:667) ~[mongodb-driver-core-5.3.0.jar:?]
	... 12 more
[INFO ] 2026-05-27 12:41:28.829 [cluster-ClusterId{value='6a16982883593c118017b566', description='null'}-ac-lvq4pvj-shard-00-00.fayjnkr.mongodb.net:27017] cluster info - Exception in monitor thread while connecting to server ac-lvq4pvj-shard-00-00.fayjnkr.mongodb.net:27017
com.mongodb.MongoSocketWriteException: Exception sending message
	at com.mongodb.internal.connection.InternalStreamConnection.throwTranslatedWriteException(InternalStreamConnection.java:785) ~[mongodb-driver-core-5.3.0.jar:?]
	at com.mongodb.internal.connection.InternalStreamConnection.sendMessage(InternalStreamConnection.java:670) ~[mongodb-driver-core-5.3.0.jar:?]
	at com.mongodb.internal.connection.InternalStreamConnection.trySendMessage(InternalStreamConnection.java:507) ~[mongodb-driver-core-5.3.0.jar:?]
	at com.mongodb.internal.connection.InternalStreamConnection.sendCommandMessage(InternalStreamConnection.java:482) ~[mongodb-driver-core-5.3.0.jar:?]
	at com.mongodb.internal.connection.InternalStreamConnection.sendAndReceiveInternal(InternalStreamConnection.java:440) ~[mongodb-driver-core-5.3.0.jar:?]
	at com.mongodb.internal.connection.InternalStreamConnection.lambda$sendAndReceive$0(InternalStreamConnection.java:375) ~[mongodb-driver-core-5.3.0.jar:?]
	at com.mongodb.internal.connection.InternalStreamConnection.sendAndReceive(InternalStreamConnection.java:378) ~[mongodb-driver-core-5.3.0.jar:?]
	at com.mongodb.internal.connection.CommandHelper.sendAndReceive(CommandHelper.java:100) ~[mongodb-driver-core-5.3.0.jar:?]
	at com.mongodb.internal.connection.CommandHelper.executeCommand(CommandHelper.java:49) ~[mongodb-driver-core-5.3.0.jar:?]
	at com.mongodb.internal.connection.InternalStreamConnectionInitializer.initializeConnectionDescription(InternalStreamConnectionInitializer.java:144) ~[mongodb-driver-core-5.3.0.jar:?]
	at com.mongodb.internal.connection.InternalStreamConnectionInitializer.startHandshake(InternalStreamConnectionInitializer.java:79) ~[mongodb-driver-core-5.3.0.jar:?]
	at com.mongodb.internal.connection.InternalStreamConnection.open(InternalStreamConnection.java:235) ~[mongodb-driver-core-5.3.0.jar:?]
	at com.mongodb.internal.connection.DefaultServerMonitor$ServerMonitor.lookupServerDescription(DefaultServerMonitor.java:219) ~[mongodb-driver-core-5.3.0.jar:?]
	at com.mongodb.internal.connection.DefaultServerMonitor$ServerMonitor.run(DefaultServerMonitor.java:176) ~[mongodb-driver-core-5.3.0.jar:?]
Caused by: javax.net.ssl.SSLException: (internal_error) Received fatal alert: internal_error
	at sun.security.ssl.Alert.createSSLException(Alert.java:132) ~[?:?]
	at sun.security.ssl.Alert.createSSLException(Alert.java:117) ~[?:?]
	at sun.security.ssl.TransportContext.fatal(TransportContext.java:363) ~[?:?]
	at sun.security.ssl.Alert$AlertConsumer.consume(Alert.java:287) ~[?:?]
	at sun.security.ssl.TransportContext.dispatch(TransportContext.java:202) ~[?:?]
	at sun.security.ssl.SSLTransport.decode(SSLTransport.java:172) ~[?:?]
	at sun.security.ssl.SSLSocketImpl.decode(SSLSocketImpl.java:1506) ~[?:?]
	at sun.security.ssl.SSLSocketImpl.readHandshakeRecord(SSLSocketImpl.java:1421) ~[?:?]
	at sun.security.ssl.SSLSocketImpl.startHandshake(SSLSocketImpl.java:455) ~[?:?]
	at sun.security.ssl.SSLSocketImpl.ensureNegotiated(SSLSocketImpl.java:924) ~[?:?]
	at sun.security.ssl.SSLSocketImpl$AppOutputStream.write(SSLSocketImpl.java:1293) ~[?:?]
	at com.mongodb.internal.connection.SocketStream.write(SocketStream.java:165) ~[mongodb-driver-core-5.3.0.jar:?]
	at com.mongodb.internal.connection.InternalStreamConnection.sendMessage(InternalStreamConnection.java:667) ~[mongodb-driver-core-5.3.0.jar:?]
	... 12 more
[INFO ] 2026-05-27 12:49:52.707 [Thread-2] MicroserviceStarter lambda$setupHttpServer$1 - Shutting down Microservice application.
[INFO ] 2026-05-27 12:51:43.456 [main] MicroserviceStarter main - Using configuration server(redis) cluster 127.0.0.1:6379 for bootstrapping on development environment.
[INFO ] 2026-05-27 12:51:44.653 [vert.x-eventloop-thread-0] MicroserviceStarter lambda$setupDatabaseConnections$0 - Redis connection established.
[INFO ] 2026-05-27 12:51:44.809 [vert.x-worker-thread-0] client info - MongoClient with metadata {"driver": {"name": "mongo-java-driver|sync", "version": "5.3.0"}, "os": {"type": "Windows", "name": "Windows 11", "architecture": "amd64", "version": "10.0"}, "platform": "Java/Oracle Corporation/25.0.1+8-LTS-27"} created with settings MongoClientSettings{readPreference=primary, writeConcern=WriteConcern{w=null, wTimeout=null ms, journal=null}, retryWrites=true, retryReads=true, readConcern=ReadConcern{level=null}, credential=MongoCredential{mechanism=null, userName='24bcad16', source='admin', password=<hidden>, mechanismProperties=<hidden>}, transportSettings=null, commandListeners=[], codecRegistry=ProvidersCodecRegistry{codecProviders=[ValueCodecProvider{}, BsonValueCodecProvider{}, DBRefCodecProvider{}, DBObjectCodecProvider{}, DocumentCodecProvider{}, CollectionCodecProvider{}, IterableCodecProvider{}, MapCodecProvider{}, GeoJsonCodecProvider{}, GridFSFileCodecProvider{}, Jsr310CodecProvider{}, JsonObjectCodecProvider{}, BsonCodecProvider{}, EnumCodecProvider{}, com.mongodb.client.model.mql.ExpressionCodecProvider@a2a122b, com.mongodb.Jep395RecordCodecProvider@6970c3aa, com.mongodb.KotlinCodecProvider@17d4f5aa]}, loggerSettings=LoggerSettings{maxDocumentLength=1000}, clusterSettings={hosts=[127.0.0.1:27017], srvHost=cluster1.fayjnkr.mongodb.net, srvServiceName=mongodb, mode=MULTIPLE, requiredClusterType=REPLICA_SET, requiredReplicaSetName='atlas-l9r42w-shard-0', serverSelector='null', clusterListeners='[]', serverSelectionTimeout='30000 ms', localThreshold='15 ms'}, socketSettings=SocketSettings{connectTimeoutMS=10000, readTimeoutMS=0, receiveBufferSize=0, proxySettings=ProxySettings{host=null, port=null, username=null, password=null}}, heartbeatSocketSettings=SocketSettings{connectTimeoutMS=10000, readTimeoutMS=10000, receiveBufferSize=0, proxySettings=ProxySettings{host=null, port=null, username=null, password=null}}, connectionPoolSettings=ConnectionPoolSettings{maxSize=100, minSize=0, maxWaitTimeMS=120000, maxConnectionLifeTimeMS=0, maxConnectionIdleTimeMS=0, maintenanceInitialDelayMS=0, maintenanceFrequencyMS=60000, connectionPoolListeners=[], maxConnecting=2}, serverSettings=ServerSettings{heartbeatFrequencyMS=10000, minHeartbeatFrequencyMS=500, serverMonitoringMode=AUTO, serverListeners='[]', serverMonitorListeners='[]'}, sslSettings=SslSettings{enabled=true, invalidHostNameAllowed=false, context=null}, applicationName='null', compressorList=[], uuidRepresentation=UNSPECIFIED, serverApi=null, autoEncryptionSettings=null, dnsClient=null, inetAddressResolver=null, contextProvider=null, timeoutMS=null}
[INFO ] 2026-05-27 12:51:44.838 [vert.x-worker-thread-0] MicroserviceStarter setupRoutersAndServices - Setting up routers.
[INFO ] 2026-05-27 12:51:44.868 [vert.x-worker-thread-0] Reflections scan - Reflections took 9 ms to scan 0 urls, producing 0 keys and 0 values
[INFO ] 2026-05-27 12:51:44.909 [vert.x-worker-thread-0] MicroserviceStarter setupHttpServer - Setting up HTTP server.
[INFO ] 2026-05-27 12:51:44.936 [vert.x-eventloop-thread-0] MicroserviceStarter lambda$setupHttpServer$0 - Bootstrap complete. ASSET MANAGEMENT API listening on port 8080.
[INFO ] 2026-05-27 12:51:44.955 [cluster-ClusterId{value='6a169b880eb927409a49e323', description='null'}-srv-cluster1.fayjnkr.mongodb.net] cluster info - Adding discovered server ac-lvq4pvj-shard-00-00.fayjnkr.mongodb.net:27017 to client view of cluster
[INFO ] 2026-05-27 12:51:44.991 [cluster-ClusterId{value='6a169b880eb927409a49e323', description='null'}-srv-cluster1.fayjnkr.mongodb.net] cluster info - Adding discovered server ac-lvq4pvj-shard-00-02.fayjnkr.mongodb.net:27017 to client view of cluster
[INFO ] 2026-05-27 12:51:44.995 [cluster-ClusterId{value='6a169b880eb927409a49e323', description='null'}-srv-cluster1.fayjnkr.mongodb.net] cluster info - Adding discovered server ac-lvq4pvj-shard-00-01.fayjnkr.mongodb.net:27017 to client view of cluster
[INFO ] 2026-05-27 12:51:45.613 [cluster-ClusterId{value='6a169b880eb927409a49e323', description='null'}-ac-lvq4pvj-shard-00-01.fayjnkr.mongodb.net:27017] cluster info - Exception in monitor thread while connecting to server ac-lvq4pvj-shard-00-01.fayjnkr.mongodb.net:27017
com.mongodb.MongoSocketWriteException: Exception sending message
	at com.mongodb.internal.connection.InternalStreamConnection.throwTranslatedWriteException(InternalStreamConnection.java:785) ~[mongodb-driver-core-5.3.0.jar:?]
	at com.mongodb.internal.connection.InternalStreamConnection.sendMessage(InternalStreamConnection.java:670) ~[mongodb-driver-core-5.3.0.jar:?]
	at com.mongodb.internal.connection.InternalStreamConnection.trySendMessage(InternalStreamConnection.java:507) ~[mongodb-driver-core-5.3.0.jar:?]
	at com.mongodb.internal.connection.InternalStreamConnection.sendCommandMessage(InternalStreamConnection.java:482) ~[mongodb-driver-core-5.3.0.jar:?]
	at com.mongodb.internal.connection.InternalStreamConnection.sendAndReceiveInternal(InternalStreamConnection.java:440) ~[mongodb-driver-core-5.3.0.jar:?]
	at com.mongodb.internal.connection.InternalStreamConnection.lambda$sendAndReceive$0(InternalStreamConnection.java:375) ~[mongodb-driver-core-5.3.0.jar:?]
	at com.mongodb.internal.connection.InternalStreamConnection.sendAndReceive(InternalStreamConnection.java:378) ~[mongodb-driver-core-5.3.0.jar:?]
	at com.mongodb.internal.connection.CommandHelper.sendAndReceive(CommandHelper.java:100) ~[mongodb-driver-core-5.3.0.jar:?]
	at com.mongodb.internal.connection.CommandHelper.executeCommand(CommandHelper.java:49) ~[mongodb-driver-core-5.3.0.jar:?]
	at com.mongodb.internal.connection.InternalStreamConnectionInitializer.initializeConnectionDescription(InternalStreamConnectionInitializer.java:144) ~[mongodb-driver-core-5.3.0.jar:?]
	at com.mongodb.internal.connection.InternalStreamConnectionInitializer.startHandshake(InternalStreamConnectionInitializer.java:79) ~[mongodb-driver-core-5.3.0.jar:?]
	at com.mongodb.internal.connection.InternalStreamConnection.open(InternalStreamConnection.java:235) ~[mongodb-driver-core-5.3.0.jar:?]
	at com.mongodb.internal.connection.DefaultServerMonitor$ServerMonitor.lookupServerDescription(DefaultServerMonitor.java:219) ~[mongodb-driver-core-5.3.0.jar:?]
	at com.mongodb.internal.connection.DefaultServerMonitor$ServerMonitor.run(DefaultServerMonitor.java:176) ~[mongodb-driver-core-5.3.0.jar:?]
Caused by: javax.net.ssl.SSLException: (internal_error) Received fatal alert: internal_error
	at sun.security.ssl.Alert.createSSLException(Alert.java:132) ~[?:?]
	at sun.security.ssl.Alert.createSSLException(Alert.java:117) ~[?:?]
	at sun.security.ssl.TransportContext.fatal(TransportContext.java:363) ~[?:?]
	at sun.security.ssl.Alert$AlertConsumer.consume(Alert.java:287) ~[?:?]
	at sun.security.ssl.TransportContext.dispatch(TransportContext.java:202) ~[?:?]
	at sun.security.ssl.SSLTransport.decode(SSLTransport.java:172) ~[?:?]
	at sun.security.ssl.SSLSocketImpl.decode(SSLSocketImpl.java:1506) ~[?:?]
	at sun.security.ssl.SSLSocketImpl.readHandshakeRecord(SSLSocketImpl.java:1421) ~[?:?]
	at sun.security.ssl.SSLSocketImpl.startHandshake(SSLSocketImpl.java:455) ~[?:?]
	at sun.security.ssl.SSLSocketImpl.ensureNegotiated(SSLSocketImpl.java:924) ~[?:?]
	at sun.security.ssl.SSLSocketImpl$AppOutputStream.write(SSLSocketImpl.java:1293) ~[?:?]
	at com.mongodb.internal.connection.SocketStream.write(SocketStream.java:165) ~[mongodb-driver-core-5.3.0.jar:?]
	at com.mongodb.internal.connection.InternalStreamConnection.sendMessage(InternalStreamConnection.java:667) ~[mongodb-driver-core-5.3.0.jar:?]
	... 12 more
[INFO ] 2026-05-27 12:51:45.621 [cluster-ClusterId{value='6a169b880eb927409a49e323', description='null'}-ac-lvq4pvj-shard-00-00.fayjnkr.mongodb.net:27017] cluster info - Exception in monitor thread while connecting to server ac-lvq4pvj-shard-00-00.fayjnkr.mongodb.net:27017
com.mongodb.MongoSocketWriteException: Exception sending message
	at com.mongodb.internal.connection.InternalStreamConnection.throwTranslatedWriteException(InternalStreamConnection.java:785) ~[mongodb-driver-core-5.3.0.jar:?]
	at com.mongodb.internal.connection.InternalStreamConnection.sendMessage(InternalStreamConnection.java:670) ~[mongodb-driver-core-5.3.0.jar:?]
	at com.mongodb.internal.connection.InternalStreamConnection.trySendMessage(InternalStreamConnection.java:507) ~[mongodb-driver-core-5.3.0.jar:?]
	at com.mongodb.internal.connection.InternalStreamConnection.sendCommandMessage(InternalStreamConnection.java:482) ~[mongodb-driver-core-5.3.0.jar:?]
	at com.mongodb.internal.connection.InternalStreamConnection.sendAndReceiveInternal(InternalStreamConnection.java:440) ~[mongodb-driver-core-5.3.0.jar:?]
	at com.mongodb.internal.connection.InternalStreamConnection.lambda$sendAndReceive$0(InternalStreamConnection.java:375) ~[mongodb-driver-core-5.3.0.jar:?]
	at com.mongodb.internal.connection.InternalStreamConnection.sendAndReceive(InternalStreamConnection.java:378) ~[mongodb-driver-core-5.3.0.jar:?]
	at com.mongodb.internal.connection.CommandHelper.sendAndReceive(CommandHelper.java:100) ~[mongodb-driver-core-5.3.0.jar:?]
	at com.mongodb.internal.connection.CommandHelper.executeCommand(CommandHelper.java:49) ~[mongodb-driver-core-5.3.0.jar:?]
	at com.mongodb.internal.connection.InternalStreamConnectionInitializer.initializeConnectionDescription(InternalStreamConnectionInitializer.java:144) ~[mongodb-driver-core-5.3.0.jar:?]
	at com.mongodb.internal.connection.InternalStreamConnectionInitializer.startHandshake(InternalStreamConnectionInitializer.java:79) ~[mongodb-driver-core-5.3.0.jar:?]
	at com.mongodb.internal.connection.InternalStreamConnection.open(InternalStreamConnection.java:235) ~[mongodb-driver-core-5.3.0.jar:?]
	at com.mongodb.internal.connection.DefaultServerMonitor$ServerMonitor.lookupServerDescription(DefaultServerMonitor.java:219) ~[mongodb-driver-core-5.3.0.jar:?]
	at com.mongodb.internal.connection.DefaultServerMonitor$ServerMonitor.run(DefaultServerMonitor.java:176) ~[mongodb-driver-core-5.3.0.jar:?]
Caused by: javax.net.ssl.SSLException: (internal_error) Received fatal alert: internal_error
	at sun.security.ssl.Alert.createSSLException(Alert.java:132) ~[?:?]
	at sun.security.ssl.Alert.createSSLException(Alert.java:117) ~[?:?]
	at sun.security.ssl.TransportContext.fatal(TransportContext.java:363) ~[?:?]
	at sun.security.ssl.Alert$AlertConsumer.consume(Alert.java:287) ~[?:?]
	at sun.security.ssl.TransportContext.dispatch(TransportContext.java:202) ~[?:?]
	at sun.security.ssl.SSLTransport.decode(SSLTransport.java:172) ~[?:?]
	at sun.security.ssl.SSLSocketImpl.decode(SSLSocketImpl.java:1506) ~[?:?]
	at sun.security.ssl.SSLSocketImpl.readHandshakeRecord(SSLSocketImpl.java:1421) ~[?:?]
	at sun.security.ssl.SSLSocketImpl.startHandshake(SSLSocketImpl.java:455) ~[?:?]
	at sun.security.ssl.SSLSocketImpl.ensureNegotiated(SSLSocketImpl.java:924) ~[?:?]
	at sun.security.ssl.SSLSocketImpl$AppOutputStream.write(SSLSocketImpl.java:1293) ~[?:?]
	at com.mongodb.internal.connection.SocketStream.write(SocketStream.java:165) ~[mongodb-driver-core-5.3.0.jar:?]
	at com.mongodb.internal.connection.InternalStreamConnection.sendMessage(InternalStreamConnection.java:667) ~[mongodb-driver-core-5.3.0.jar:?]
	... 12 more
[INFO ] 2026-05-27 12:51:45.626 [cluster-ClusterId{value='6a169b880eb927409a49e323', description='null'}-ac-lvq4pvj-shard-00-02.fayjnkr.mongodb.net:27017] cluster info - Exception in monitor thread while connecting to server ac-lvq4pvj-shard-00-02.fayjnkr.mongodb.net:27017
com.mongodb.MongoSocketWriteException: Exception sending message
	at com.mongodb.internal.connection.InternalStreamConnection.throwTranslatedWriteException(InternalStreamConnection.java:785) ~[mongodb-driver-core-5.3.0.jar:?]
	at com.mongodb.internal.connection.InternalStreamConnection.sendMessage(InternalStreamConnection.java:670) ~[mongodb-driver-core-5.3.0.jar:?]
	at com.mongodb.internal.connection.InternalStreamConnection.trySendMessage(InternalStreamConnection.java:507) ~[mongodb-driver-core-5.3.0.jar:?]
	at com.mongodb.internal.connection.InternalStreamConnection.sendCommandMessage(InternalStreamConnection.java:482) ~[mongodb-driver-core-5.3.0.jar:?]
	at com.mongodb.internal.connection.InternalStreamConnection.sendAndReceiveInternal(InternalStreamConnection.java:440) ~[mongodb-driver-core-5.3.0.jar:?]
	at com.mongodb.internal.connection.InternalStreamConnection.lambda$sendAndReceive$0(InternalStreamConnection.java:375) ~[mongodb-driver-core-5.3.0.jar:?]
	at com.mongodb.internal.connection.InternalStreamConnection.sendAndReceive(InternalStreamConnection.java:378) ~[mongodb-driver-core-5.3.0.jar:?]
	at com.mongodb.internal.connection.CommandHelper.sendAndReceive(CommandHelper.java:100) ~[mongodb-driver-core-5.3.0.jar:?]
	at com.mongodb.internal.connection.CommandHelper.executeCommand(CommandHelper.java:49) ~[mongodb-driver-core-5.3.0.jar:?]
	at com.mongodb.internal.connection.InternalStreamConnectionInitializer.initializeConnectionDescription(InternalStreamConnectionInitializer.java:144) ~[mongodb-driver-core-5.3.0.jar:?]
	at com.mongodb.internal.connection.InternalStreamConnectionInitializer.startHandshake(InternalStreamConnectionInitializer.java:79) ~[mongodb-driver-core-5.3.0.jar:?]
	at com.mongodb.internal.connection.InternalStreamConnection.open(InternalStreamConnection.java:235) ~[mongodb-driver-core-5.3.0.jar:?]
	at com.mongodb.internal.connection.DefaultServerMonitor$ServerMonitor.lookupServerDescription(DefaultServerMonitor.java:219) ~[mongodb-driver-core-5.3.0.jar:?]
	at com.mongodb.internal.connection.DefaultServerMonitor$ServerMonitor.run(DefaultServerMonitor.java:176) ~[mongodb-driver-core-5.3.0.jar:?]
Caused by: javax.net.ssl.SSLException: (internal_error) Received fatal alert: internal_error
	at sun.security.ssl.Alert.createSSLException(Alert.java:132) ~[?:?]
	at sun.security.ssl.Alert.createSSLException(Alert.java:117) ~[?:?]
	at sun.security.ssl.TransportContext.fatal(TransportContext.java:363) ~[?:?]
	at sun.security.ssl.Alert$AlertConsumer.consume(Alert.java:287) ~[?:?]
	at sun.security.ssl.TransportContext.dispatch(TransportContext.java:202) ~[?:?]
	at sun.security.ssl.SSLTransport.decode(SSLTransport.java:172) ~[?:?]
	at sun.security.ssl.SSLSocketImpl.decode(SSLSocketImpl.java:1506) ~[?:?]
	at sun.security.ssl.SSLSocketImpl.readHandshakeRecord(SSLSocketImpl.java:1421) ~[?:?]
	at sun.security.ssl.SSLSocketImpl.startHandshake(SSLSocketImpl.java:455) ~[?:?]
	at sun.security.ssl.SSLSocketImpl.ensureNegotiated(SSLSocketImpl.java:924) ~[?:?]
	at sun.security.ssl.SSLSocketImpl$AppOutputStream.write(SSLSocketImpl.java:1293) ~[?:?]
	at com.mongodb.internal.connection.SocketStream.write(SocketStream.java:165) ~[mongodb-driver-core-5.3.0.jar:?]
	at com.mongodb.internal.connection.InternalStreamConnection.sendMessage(InternalStreamConnection.java:667) ~[mongodb-driver-core-5.3.0.jar:?]
	... 12 more
[INFO ] 2026-05-27 12:54:12.795 [Thread-2] MicroserviceStarter lambda$setupHttpServer$1 - Shutting down Microservice application.
[INFO ] 2026-05-27 12:54:27.061 [main] MicroserviceStarter main - Using configuration server(redis) cluster 127.0.0.1:6379 for bootstrapping on development environment.
[INFO ] 2026-05-27 12:54:27.975 [vert.x-eventloop-thread-0] MicroserviceStarter lambda$setupDatabaseConnections$0 - Redis connection established.
[INFO ] 2026-05-27 12:54:28.110 [vert.x-worker-thread-0] client info - MongoClient with metadata {"driver": {"name": "mongo-java-driver|sync", "version": "5.3.0"}, "os": {"type": "Windows", "name": "Windows 11", "architecture": "amd64", "version": "10.0"}, "platform": "Java/Oracle Corporation/25.0.1+8-LTS-27"} created with settings MongoClientSettings{readPreference=primary, writeConcern=WriteConcern{w=null, wTimeout=null ms, journal=null}, retryWrites=true, retryReads=true, readConcern=ReadConcern{level=null}, credential=MongoCredential{mechanism=null, userName='24bcad16', source='admin', password=<hidden>, mechanismProperties=<hidden>}, transportSettings=null, commandListeners=[], codecRegistry=ProvidersCodecRegistry{codecProviders=[ValueCodecProvider{}, BsonValueCodecProvider{}, DBRefCodecProvider{}, DBObjectCodecProvider{}, DocumentCodecProvider{}, CollectionCodecProvider{}, IterableCodecProvider{}, MapCodecProvider{}, GeoJsonCodecProvider{}, GridFSFileCodecProvider{}, Jsr310CodecProvider{}, JsonObjectCodecProvider{}, BsonCodecProvider{}, EnumCodecProvider{}, com.mongodb.client.model.mql.ExpressionCodecProvider@a2a122b, com.mongodb.Jep395RecordCodecProvider@6970c3aa, com.mongodb.KotlinCodecProvider@17d4f5aa]}, loggerSettings=LoggerSettings{maxDocumentLength=1000}, clusterSettings={hosts=[127.0.0.1:27017], srvHost=cluster1.fayjnkr.mongodb.net, srvServiceName=mongodb, mode=MULTIPLE, requiredClusterType=REPLICA_SET, requiredReplicaSetName='atlas-l9r42w-shard-0', serverSelector='null', clusterListeners='[]', serverSelectionTimeout='30000 ms', localThreshold='15 ms'}, socketSettings=SocketSettings{connectTimeoutMS=10000, readTimeoutMS=0, receiveBufferSize=0, proxySettings=ProxySettings{host=null, port=null, username=null, password=null}}, heartbeatSocketSettings=SocketSettings{connectTimeoutMS=10000, readTimeoutMS=10000, receiveBufferSize=0, proxySettings=ProxySettings{host=null, port=null, username=null, password=null}}, connectionPoolSettings=ConnectionPoolSettings{maxSize=100, minSize=0, maxWaitTimeMS=120000, maxConnectionLifeTimeMS=0, maxConnectionIdleTimeMS=0, maintenanceInitialDelayMS=0, maintenanceFrequencyMS=60000, connectionPoolListeners=[], maxConnecting=2}, serverSettings=ServerSettings{heartbeatFrequencyMS=10000, minHeartbeatFrequencyMS=500, serverMonitoringMode=AUTO, serverListeners='[]', serverMonitorListeners='[]'}, sslSettings=SslSettings{enabled=true, invalidHostNameAllowed=false, context=null}, applicationName='null', compressorList=[], uuidRepresentation=UNSPECIFIED, serverApi=null, autoEncryptionSettings=null, dnsClient=null, inetAddressResolver=null, contextProvider=null, timeoutMS=null}
[INFO ] 2026-05-27 12:54:28.113 [cluster-ClusterId{value='6a169c2cba08cf538093e715', description='null'}-srv-cluster1.fayjnkr.mongodb.net] cluster info - Adding discovered server ac-lvq4pvj-shard-00-00.fayjnkr.mongodb.net:27017 to client view of cluster
[INFO ] 2026-05-27 12:54:28.133 [vert.x-worker-thread-0] MicroserviceStarter setupRoutersAndServices - Setting up routers.
[INFO ] 2026-05-27 12:54:28.147 [cluster-ClusterId{value='6a169c2cba08cf538093e715', description='null'}-srv-cluster1.fayjnkr.mongodb.net] cluster info - Adding discovered server ac-lvq4pvj-shard-00-02.fayjnkr.mongodb.net:27017 to client view of cluster
[INFO ] 2026-05-27 12:54:28.150 [cluster-ClusterId{value='6a169c2cba08cf538093e715', description='null'}-srv-cluster1.fayjnkr.mongodb.net] cluster info - Adding discovered server ac-lvq4pvj-shard-00-01.fayjnkr.mongodb.net:27017 to client view of cluster
[INFO ] 2026-05-27 12:54:28.163 [vert.x-worker-thread-0] Reflections scan - Reflections took 8 ms to scan 0 urls, producing 0 keys and 0 values
[INFO ] 2026-05-27 12:54:28.200 [vert.x-worker-thread-0] MicroserviceStarter setupHttpServer - Setting up HTTP server.
[INFO ] 2026-05-27 12:54:28.235 [vert.x-eventloop-thread-0] MicroserviceStarter lambda$setupHttpServer$0 - Bootstrap complete. ASSET MANAGEMENT API listening on port 8080.
[INFO ] 2026-05-27 12:54:28.562 [cluster-ClusterId{value='6a169c2cba08cf538093e715', description='null'}-ac-lvq4pvj-shard-00-01.fayjnkr.mongodb.net:27017] cluster info - Exception in monitor thread while connecting to server ac-lvq4pvj-shard-00-01.fayjnkr.mongodb.net:27017
com.mongodb.MongoSocketWriteException: Exception sending message
	at com.mongodb.internal.connection.InternalStreamConnection.throwTranslatedWriteException(InternalStreamConnection.java:785) ~[mongodb-driver-core-5.3.0.jar:?]
	at com.mongodb.internal.connection.InternalStreamConnection.sendMessage(InternalStreamConnection.java:670) ~[mongodb-driver-core-5.3.0.jar:?]
	at com.mongodb.internal.connection.InternalStreamConnection.trySendMessage(InternalStreamConnection.java:507) ~[mongodb-driver-core-5.3.0.jar:?]
	at com.mongodb.internal.connection.InternalStreamConnection.sendCommandMessage(InternalStreamConnection.java:482) ~[mongodb-driver-core-5.3.0.jar:?]
	at com.mongodb.internal.connection.InternalStreamConnection.sendAndReceiveInternal(InternalStreamConnection.java:440) ~[mongodb-driver-core-5.3.0.jar:?]
	at com.mongodb.internal.connection.InternalStreamConnection.lambda$sendAndReceive$0(InternalStreamConnection.java:375) ~[mongodb-driver-core-5.3.0.jar:?]
	at com.mongodb.internal.connection.InternalStreamConnection.sendAndReceive(InternalStreamConnection.java:378) ~[mongodb-driver-core-5.3.0.jar:?]
	at com.mongodb.internal.connection.CommandHelper.sendAndReceive(CommandHelper.java:100) ~[mongodb-driver-core-5.3.0.jar:?]
	at com.mongodb.internal.connection.CommandHelper.executeCommand(CommandHelper.java:49) ~[mongodb-driver-core-5.3.0.jar:?]
	at com.mongodb.internal.connection.InternalStreamConnectionInitializer.initializeConnectionDescription(InternalStreamConnectionInitializer.java:144) ~[mongodb-driver-core-5.3.0.jar:?]
	at com.mongodb.internal.connection.InternalStreamConnectionInitializer.startHandshake(InternalStreamConnectionInitializer.java:79) ~[mongodb-driver-core-5.3.0.jar:?]
	at com.mongodb.internal.connection.InternalStreamConnection.open(InternalStreamConnection.java:235) ~[mongodb-driver-core-5.3.0.jar:?]
	at com.mongodb.internal.connection.DefaultServerMonitor$ServerMonitor.lookupServerDescription(DefaultServerMonitor.java:219) ~[mongodb-driver-core-5.3.0.jar:?]
	at com.mongodb.internal.connection.DefaultServerMonitor$ServerMonitor.run(DefaultServerMonitor.java:176) ~[mongodb-driver-core-5.3.0.jar:?]
Caused by: javax.net.ssl.SSLException: (internal_error) Received fatal alert: internal_error
	at sun.security.ssl.Alert.createSSLException(Alert.java:132) ~[?:?]
	at sun.security.ssl.Alert.createSSLException(Alert.java:117) ~[?:?]
	at sun.security.ssl.TransportContext.fatal(TransportContext.java:363) ~[?:?]
	at sun.security.ssl.Alert$AlertConsumer.consume(Alert.java:287) ~[?:?]
	at sun.security.ssl.TransportContext.dispatch(TransportContext.java:202) ~[?:?]
	at sun.security.ssl.SSLTransport.decode(SSLTransport.java:172) ~[?:?]
	at sun.security.ssl.SSLSocketImpl.decode(SSLSocketImpl.java:1506) ~[?:?]
	at sun.security.ssl.SSLSocketImpl.readHandshakeRecord(SSLSocketImpl.java:1421) ~[?:?]
	at sun.security.ssl.SSLSocketImpl.startHandshake(SSLSocketImpl.java:455) ~[?:?]
	at sun.security.ssl.SSLSocketImpl.ensureNegotiated(SSLSocketImpl.java:924) ~[?:?]
	at sun.security.ssl.SSLSocketImpl$AppOutputStream.write(SSLSocketImpl.java:1293) ~[?:?]
	at com.mongodb.internal.connection.SocketStream.write(SocketStream.java:165) ~[mongodb-driver-core-5.3.0.jar:?]
	at com.mongodb.internal.connection.InternalStreamConnection.sendMessage(InternalStreamConnection.java:667) ~[mongodb-driver-core-5.3.0.jar:?]
	... 12 more
[INFO ] 2026-05-27 12:54:28.577 [cluster-ClusterId{value='6a169c2cba08cf538093e715', description='null'}-ac-lvq4pvj-shard-00-02.fayjnkr.mongodb.net:27017] cluster info - Exception in monitor thread while connecting to server ac-lvq4pvj-shard-00-02.fayjnkr.mongodb.net:27017
com.mongodb.MongoSocketWriteException: Exception sending message
	at com.mongodb.internal.connection.InternalStreamConnection.throwTranslatedWriteException(InternalStreamConnection.java:785) ~[mongodb-driver-core-5.3.0.jar:?]
	at com.mongodb.internal.connection.InternalStreamConnection.sendMessage(InternalStreamConnection.java:670) ~[mongodb-driver-core-5.3.0.jar:?]
	at com.mongodb.internal.connection.InternalStreamConnection.trySendMessage(InternalStreamConnection.java:507) ~[mongodb-driver-core-5.3.0.jar:?]
	at com.mongodb.internal.connection.InternalStreamConnection.sendCommandMessage(InternalStreamConnection.java:482) ~[mongodb-driver-core-5.3.0.jar:?]
	at com.mongodb.internal.connection.InternalStreamConnection.sendAndReceiveInternal(InternalStreamConnection.java:440) ~[mongodb-driver-core-5.3.0.jar:?]
	at com.mongodb.internal.connection.InternalStreamConnection.lambda$sendAndReceive$0(InternalStreamConnection.java:375) ~[mongodb-driver-core-5.3.0.jar:?]
	at com.mongodb.internal.connection.InternalStreamConnection.sendAndReceive(InternalStreamConnection.java:378) ~[mongodb-driver-core-5.3.0.jar:?]
	at com.mongodb.internal.connection.CommandHelper.sendAndReceive(CommandHelper.java:100) ~[mongodb-driver-core-5.3.0.jar:?]
	at com.mongodb.internal.connection.CommandHelper.executeCommand(CommandHelper.java:49) ~[mongodb-driver-core-5.3.0.jar:?]
	at com.mongodb.internal.connection.InternalStreamConnectionInitializer.initializeConnectionDescription(InternalStreamConnectionInitializer.java:144) ~[mongodb-driver-core-5.3.0.jar:?]
	at com.mongodb.internal.connection.InternalStreamConnectionInitializer.startHandshake(InternalStreamConnectionInitializer.java:79) ~[mongodb-driver-core-5.3.0.jar:?]
	at com.mongodb.internal.connection.InternalStreamConnection.open(InternalStreamConnection.java:235) ~[mongodb-driver-core-5.3.0.jar:?]
	at com.mongodb.internal.connection.DefaultServerMonitor$ServerMonitor.lookupServerDescription(DefaultServerMonitor.java:219) ~[mongodb-driver-core-5.3.0.jar:?]
	at com.mongodb.internal.connection.DefaultServerMonitor$ServerMonitor.run(DefaultServerMonitor.java:176) ~[mongodb-driver-core-5.3.0.jar:?]
Caused by: javax.net.ssl.SSLException: (internal_error) Received fatal alert: internal_error
	at sun.security.ssl.Alert.createSSLException(Alert.java:132) ~[?:?]
	at sun.security.ssl.Alert.createSSLException(Alert.java:117) ~[?:?]
	at sun.security.ssl.TransportContext.fatal(TransportContext.java:363) ~[?:?]
	at sun.security.ssl.Alert$AlertConsumer.consume(Alert.java:287) ~[?:?]
	at sun.security.ssl.TransportContext.dispatch(TransportContext.java:202) ~[?:?]
	at sun.security.ssl.SSLTransport.decode(SSLTransport.java:172) ~[?:?]
	at sun.security.ssl.SSLSocketImpl.decode(SSLSocketImpl.java:1506) ~[?:?]
	at sun.security.ssl.SSLSocketImpl.readHandshakeRecord(SSLSocketImpl.java:1421) ~[?:?]
	at sun.security.ssl.SSLSocketImpl.startHandshake(SSLSocketImpl.java:455) ~[?:?]
	at sun.security.ssl.SSLSocketImpl.ensureNegotiated(SSLSocketImpl.java:924) ~[?:?]
	at sun.security.ssl.SSLSocketImpl$AppOutputStream.write(SSLSocketImpl.java:1293) ~[?:?]
	at com.mongodb.internal.connection.SocketStream.write(SocketStream.java:165) ~[mongodb-driver-core-5.3.0.jar:?]
	at com.mongodb.internal.connection.InternalStreamConnection.sendMessage(InternalStreamConnection.java:667) ~[mongodb-driver-core-5.3.0.jar:?]
	... 12 more
[INFO ] 2026-05-27 12:54:28.584 [cluster-ClusterId{value='6a169c2cba08cf538093e715', description='null'}-ac-lvq4pvj-shard-00-00.fayjnkr.mongodb.net:27017] cluster info - Exception in monitor thread while connecting to server ac-lvq4pvj-shard-00-00.fayjnkr.mongodb.net:27017
com.mongodb.MongoSocketWriteException: Exception sending message
	at com.mongodb.internal.connection.InternalStreamConnection.throwTranslatedWriteException(InternalStreamConnection.java:785) ~[mongodb-driver-core-5.3.0.jar:?]
	at com.mongodb.internal.connection.InternalStreamConnection.sendMessage(InternalStreamConnection.java:670) ~[mongodb-driver-core-5.3.0.jar:?]
	at com.mongodb.internal.connection.InternalStreamConnection.trySendMessage(InternalStreamConnection.java:507) ~[mongodb-driver-core-5.3.0.jar:?]
	at com.mongodb.internal.connection.InternalStreamConnection.sendCommandMessage(InternalStreamConnection.java:482) ~[mongodb-driver-core-5.3.0.jar:?]
	at com.mongodb.internal.connection.InternalStreamConnection.sendAndReceiveInternal(InternalStreamConnection.java:440) ~[mongodb-driver-core-5.3.0.jar:?]
	at com.mongodb.internal.connection.InternalStreamConnection.lambda$sendAndReceive$0(InternalStreamConnection.java:375) ~[mongodb-driver-core-5.3.0.jar:?]
	at com.mongodb.internal.connection.InternalStreamConnection.sendAndReceive(InternalStreamConnection.java:378) ~[mongodb-driver-core-5.3.0.jar:?]
	at com.mongodb.internal.connection.CommandHelper.sendAndReceive(CommandHelper.java:100) ~[mongodb-driver-core-5.3.0.jar:?]
	at com.mongodb.internal.connection.CommandHelper.executeCommand(CommandHelper.java:49) ~[mongodb-driver-core-5.3.0.jar:?]
	at com.mongodb.internal.connection.InternalStreamConnectionInitializer.initializeConnectionDescription(InternalStreamConnectionInitializer.java:144) ~[mongodb-driver-core-5.3.0.jar:?]
	at com.mongodb.internal.connection.InternalStreamConnectionInitializer.startHandshake(InternalStreamConnectionInitializer.java:79) ~[mongodb-driver-core-5.3.0.jar:?]
	at com.mongodb.internal.connection.InternalStreamConnection.open(InternalStreamConnection.java:235) ~[mongodb-driver-core-5.3.0.jar:?]
	at com.mongodb.internal.connection.DefaultServerMonitor$ServerMonitor.lookupServerDescription(DefaultServerMonitor.java:219) ~[mongodb-driver-core-5.3.0.jar:?]
	at com.mongodb.internal.connection.DefaultServerMonitor$ServerMonitor.run(DefaultServerMonitor.java:176) ~[mongodb-driver-core-5.3.0.jar:?]
Caused by: javax.net.ssl.SSLException: (internal_error) Received fatal alert: internal_error
	at sun.security.ssl.Alert.createSSLException(Alert.java:132) ~[?:?]
	at sun.security.ssl.Alert.createSSLException(Alert.java:117) ~[?:?]
	at sun.security.ssl.TransportContext.fatal(TransportContext.java:363) ~[?:?]
	at sun.security.ssl.Alert$AlertConsumer.consume(Alert.java:287) ~[?:?]
	at sun.security.ssl.TransportContext.dispatch(TransportContext.java:202) ~[?:?]
	at sun.security.ssl.SSLTransport.decode(SSLTransport.java:172) ~[?:?]
	at sun.security.ssl.SSLSocketImpl.decode(SSLSocketImpl.java:1506) ~[?:?]
	at sun.security.ssl.SSLSocketImpl.readHandshakeRecord(SSLSocketImpl.java:1421) ~[?:?]
	at sun.security.ssl.SSLSocketImpl.startHandshake(SSLSocketImpl.java:455) ~[?:?]
	at sun.security.ssl.SSLSocketImpl.ensureNegotiated(SSLSocketImpl.java:924) ~[?:?]
	at sun.security.ssl.SSLSocketImpl$AppOutputStream.write(SSLSocketImpl.java:1293) ~[?:?]
	at com.mongodb.internal.connection.SocketStream.write(SocketStream.java:165) ~[mongodb-driver-core-5.3.0.jar:?]
	at com.mongodb.internal.connection.InternalStreamConnection.sendMessage(InternalStreamConnection.java:667) ~[mongodb-driver-core-5.3.0.jar:?]
	... 12 more
[INFO ] 2026-05-27 12:56:31.515 [vert.x-worker-thread-1] AssetsHandler handle - Handling request for AssetsHandler
[INFO ] 2026-05-27 12:56:31.516 [vert.x-worker-thread-1] AssetsService getAssets - Fetching assets from collection: assets
[INFO ] 2026-05-27 12:56:31.587 [vert.x-worker-thread-1] cluster info - Waiting for server to become available for operation with ID 38. Remaining time: 29985 ms. Selector: ReadPreferenceServerSelector{readPreference=primary}, topology description: {type=REPLICA_SET, servers=[{address=ac-lvq4pvj-shard-00-02.fayjnkr.mongodb.net:27017, type=UNKNOWN, state=CONNECTING, exception={com.mongodb.MongoSocketWriteException: Exception sending message}, caused by {javax.net.ssl.SSLException: (internal_error) Received fatal alert: internal_error}}, {address=ac-lvq4pvj-shard-00-01.fayjnkr.mongodb.net:27017, type=UNKNOWN, state=CONNECTING, exception={com.mongodb.MongoSocketWriteException: Exception sending message}, caused by {javax.net.ssl.SSLException: (internal_error) Received fatal alert: internal_error}}, {address=ac-lvq4pvj-shard-00-00.fayjnkr.mongodb.net:27017, type=UNKNOWN, state=CONNECTING, exception={com.mongodb.MongoSocketWriteException: Exception sending message}, caused by {javax.net.ssl.SSLException: (internal_error) Received fatal alert: internal_error}}].
[ERROR] 2026-05-27 12:57:01.585 [vert.x-worker-thread-1] AssetsHandler handle - Error in AssetsHandler
com.mongodb.MongoTimeoutException: Timed out while waiting for a server that matches ReadPreferenceServerSelector{readPreference=primary}. Client view of cluster state is {type=REPLICA_SET, servers=[{address=ac-lvq4pvj-shard-00-02.fayjnkr.mongodb.net:27017, type=UNKNOWN, state=CONNECTING, exception={com.mongodb.MongoSocketWriteException: Exception sending message}, caused by {javax.net.ssl.SSLException: (internal_error) Received fatal alert: internal_error}}, {address=ac-lvq4pvj-shard-00-01.fayjnkr.mongodb.net:27017, type=UNKNOWN, state=CONNECTING, exception={com.mongodb.MongoSocketWriteException: Exception sending message}, caused by {javax.net.ssl.SSLException: (internal_error) Received fatal alert: internal_error}}, {address=ac-lvq4pvj-shard-00-00.fayjnkr.mongodb.net:27017, type=UNKNOWN, state=CONNECTING, exception={com.mongodb.MongoSocketWriteException: Exception sending message}, caused by {javax.net.ssl.SSLException: (internal_error) Received fatal alert: internal_error}}]
	at com.mongodb.internal.connection.BaseCluster.logAndThrowTimeoutException(BaseCluster.java:427) ~[mongodb-driver-core-5.3.0.jar:?]
	at com.mongodb.internal.connection.BaseCluster.lambda$selectServer$0(BaseCluster.java:154) ~[mongodb-driver-core-5.3.0.jar:?]
	at com.mongodb.internal.time.Timeout.lambda$onExistsAndExpired$16(Timeout.java:236) ~[mongodb-driver-core-5.3.0.jar:?]
	at com.mongodb.internal.time.Timeout.lambda$run$10(Timeout.java:201) ~[mongodb-driver-core-5.3.0.jar:?]
	at com.mongodb.internal.time.TimePoint.checkedCall(TimePoint.java:99) ~[mongodb-driver-core-5.3.0.jar:?]
	at com.mongodb.internal.time.Timeout.call(Timeout.java:174) ~[mongodb-driver-core-5.3.0.jar:?]
	at com.mongodb.internal.time.Timeout.run(Timeout.java:194) ~[mongodb-driver-core-5.3.0.jar:?]
	at com.mongodb.internal.time.Timeout.onExistsAndExpired(Timeout.java:233) ~[mongodb-driver-core-5.3.0.jar:?]
	at com.mongodb.internal.time.Timeout.onExpired(Timeout.java:226) ~[mongodb-driver-core-5.3.0.jar:?]
	at com.mongodb.internal.connection.BaseCluster.selectServer(BaseCluster.java:153) ~[mongodb-driver-core-5.3.0.jar:?]
	at com.mongodb.internal.connection.AbstractMultiServerCluster.selectServer(AbstractMultiServerCluster.java:59) ~[mongodb-driver-core-5.3.0.jar:?]
	at com.mongodb.internal.binding.ClusterBinding.getReadConnectionSource(ClusterBinding.java:82) ~[mongodb-driver-core-5.3.0.jar:?]
	at com.mongodb.client.internal.ClientSessionBinding.getConnectionSource(ClientSessionBinding.java:108) ~[mongodb-driver-sync-5.3.0.jar:?]
	at com.mongodb.client.internal.ClientSessionBinding.getReadConnectionSource(ClientSessionBinding.java:88) ~[mongodb-driver-sync-5.3.0.jar:?]
	at com.mongodb.internal.operation.SyncOperationHelper.withSuppliedResource(SyncOperationHelper.java:148) ~[mongodb-driver-core-5.3.0.jar:?]
	at com.mongodb.internal.operation.SyncOperationHelper.withSourceAndConnection(SyncOperationHelper.java:129) ~[mongodb-driver-core-5.3.0.jar:?]
	at com.mongodb.internal.operation.FindOperation.lambda$execute$2(FindOperation.java:296) ~[mongodb-driver-core-5.3.0.jar:?]
	at com.mongodb.internal.operation.SyncOperationHelper.lambda$decorateReadWithRetries$13(SyncOperationHelper.java:317) ~[mongodb-driver-core-5.3.0.jar:?]
	at com.mongodb.internal.async.function.RetryingSyncSupplier.get(RetryingSyncSupplier.java:67) ~[mongodb-driver-core-5.3.0.jar:?]
	at com.mongodb.internal.operation.FindOperation.execute(FindOperation.java:307) ~[mongodb-driver-core-5.3.0.jar:?]
	at com.mongodb.internal.operation.FindOperation.execute(FindOperation.java:70) ~[mongodb-driver-core-5.3.0.jar:?]
	at com.mongodb.client.internal.MongoClusterImpl$OperationExecutorImpl.execute(MongoClusterImpl.java:424) ~[mongodb-driver-sync-5.3.0.jar:?]
	at com.mongodb.client.internal.MongoIterableImpl.execute(MongoIterableImpl.java:156) ~[mongodb-driver-sync-5.3.0.jar:?]
	at com.mongodb.client.internal.MongoIterableImpl.iterator(MongoIterableImpl.java:116) ~[mongodb-driver-sync-5.3.0.jar:?]
	at in.edu.kristujayanti.services.AssetsService.getAssets(AssetsService.java:31) ~[classes/:?]
	at in.edu.kristujayanti.handlers.AssetsHandler.handle(AssetsHandler.java:49) ~[classes/:?]
	at in.edu.kristujayanti.handlers.AssetsHandler.handle(AssetsHandler.java:15) ~[classes/:?]
	at io.vertx.ext.web.impl.BlockingHandlerDecorator.lambda$handle$0(BlockingHandlerDecorator.java:48) ~[vertx-web-4.5.13.jar:4.5.13]
	at io.vertx.core.impl.ContextImpl.lambda$executeBlocking$5(ContextImpl.java:205) ~[vertx-core-4.5.13.jar:4.5.13]
	at io.vertx.core.impl.ContextInternal.dispatch(ContextInternal.java:270) ~[vertx-core-4.5.13.jar:4.5.13]
	at io.vertx.core.impl.ContextImpl$1.execute(ContextImpl.java:221) ~[vertx-core-4.5.13.jar:4.5.13]
	at io.vertx.core.impl.WorkerTask.run(WorkerTask.java:56) ~[vertx-core-4.5.13.jar:4.5.13]
	at io.vertx.core.impl.TaskQueue.run(TaskQueue.java:81) ~[vertx-core-4.5.13.jar:4.5.13]
	at java.util.concurrent.ThreadPoolExecutor.runWorker(ThreadPoolExecutor.java:1090) ~[?:?]
	at java.util.concurrent.ThreadPoolExecutor$Worker.run(ThreadPoolExecutor.java:614) ~[?:?]
	at io.netty.util.concurrent.FastThreadLocalRunnable.run(FastThreadLocalRunnable.java:30) ~[netty-common-4.1.118.Final.jar:4.1.118.Final]
	at java.lang.Thread.run(Thread.java:1474) ~[?:?]
[INFO ] 2026-05-27 12:57:06.677 [vert.x-worker-thread-2] AssetsHandler handle - Handling request for AssetsHandler
[INFO ] 2026-05-27 12:57:06.679 [vert.x-worker-thread-2] AssetsService getAssets - Fetching assets from collection: assets
[INFO ] 2026-05-27 12:57:06.680 [vert.x-worker-thread-2] cluster info - Waiting for server to become available for operation with ID 168. Remaining time: 29999 ms. Selector: ReadPreferenceServerSelector{readPreference=primary}, topology description: {type=REPLICA_SET, servers=[{address=ac-lvq4pvj-shard-00-02.fayjnkr.mongodb.net:27017, type=UNKNOWN, state=CONNECTING, exception={com.mongodb.MongoSocketWriteException: Exception sending message}, caused by {javax.net.ssl.SSLException: (internal_error) Received fatal alert: internal_error}}, {address=ac-lvq4pvj-shard-00-01.fayjnkr.mongodb.net:27017, type=UNKNOWN, state=CONNECTING, exception={com.mongodb.MongoSocketWriteException: Exception sending message}, caused by {javax.net.ssl.SSLException: (internal_error) Received fatal alert: internal_error}}, {address=ac-lvq4pvj-shard-00-00.fayjnkr.mongodb.net:27017, type=UNKNOWN, state=CONNECTING, exception={com.mongodb.MongoSocketWriteException: Exception sending message}, caused by {javax.net.ssl.SSLException: (internal_error) Received fatal alert: internal_error}}].
[ERROR] 2026-05-27 12:57:36.690 [vert.x-worker-thread-2] AssetsHandler handle - Error in AssetsHandler
com.mongodb.MongoTimeoutException: Timed out while waiting for a server that matches ReadPreferenceServerSelector{readPreference=primary}. Client view of cluster state is {type=REPLICA_SET, servers=[{address=ac-lvq4pvj-shard-00-02.fayjnkr.mongodb.net:27017, type=UNKNOWN, state=CONNECTING, exception={com.mongodb.MongoSocketWriteException: Exception sending message}, caused by {javax.net.ssl.SSLException: (internal_error) Received fatal alert: internal_error}}, {address=ac-lvq4pvj-shard-00-01.fayjnkr.mongodb.net:27017, type=UNKNOWN, state=CONNECTING, exception={com.mongodb.MongoSocketWriteException: Exception sending message}, caused by {javax.net.ssl.SSLException: (internal_error) Received fatal alert: internal_error}}, {address=ac-lvq4pvj-shard-00-00.fayjnkr.mongodb.net:27017, type=UNKNOWN, state=CONNECTING, exception={com.mongodb.MongoSocketWriteException: Exception sending message}, caused by {javax.net.ssl.SSLException: (internal_error) Received fatal alert: internal_error}}]
	at com.mongodb.internal.connection.BaseCluster.logAndThrowTimeoutException(BaseCluster.java:427) ~[mongodb-driver-core-5.3.0.jar:?]
	at com.mongodb.internal.connection.BaseCluster.lambda$selectServer$0(BaseCluster.java:154) ~[mongodb-driver-core-5.3.0.jar:?]
	at com.mongodb.internal.time.Timeout.lambda$onExistsAndExpired$16(Timeout.java:236) ~[mongodb-driver-core-5.3.0.jar:?]
	at com.mongodb.internal.time.Timeout.lambda$run$10(Timeout.java:201) ~[mongodb-driver-core-5.3.0.jar:?]
	at com.mongodb.internal.time.TimePoint.checkedCall(TimePoint.java:99) ~[mongodb-driver-core-5.3.0.jar:?]
	at com.mongodb.internal.time.Timeout.call(Timeout.java:174) ~[mongodb-driver-core-5.3.0.jar:?]
	at com.mongodb.internal.time.Timeout.run(Timeout.java:194) ~[mongodb-driver-core-5.3.0.jar:?]
	at com.mongodb.internal.time.Timeout.onExistsAndExpired(Timeout.java:233) ~[mongodb-driver-core-5.3.0.jar:?]
	at com.mongodb.internal.time.Timeout.onExpired(Timeout.java:226) ~[mongodb-driver-core-5.3.0.jar:?]
	at com.mongodb.internal.connection.BaseCluster.selectServer(BaseCluster.java:153) ~[mongodb-driver-core-5.3.0.jar:?]
	at com.mongodb.internal.connection.AbstractMultiServerCluster.selectServer(AbstractMultiServerCluster.java:59) ~[mongodb-driver-core-5.3.0.jar:?]
	at com.mongodb.internal.binding.ClusterBinding.getReadConnectionSource(ClusterBinding.java:82) ~[mongodb-driver-core-5.3.0.jar:?]
	at com.mongodb.client.internal.ClientSessionBinding.getConnectionSource(ClientSessionBinding.java:108) ~[mongodb-driver-sync-5.3.0.jar:?]
	at com.mongodb.client.internal.ClientSessionBinding.getReadConnectionSource(ClientSessionBinding.java:88) ~[mongodb-driver-sync-5.3.0.jar:?]
	at com.mongodb.internal.operation.SyncOperationHelper.withSuppliedResource(SyncOperationHelper.java:148) ~[mongodb-driver-core-5.3.0.jar:?]
	at com.mongodb.internal.operation.SyncOperationHelper.withSourceAndConnection(SyncOperationHelper.java:129) ~[mongodb-driver-core-5.3.0.jar:?]
	at com.mongodb.internal.operation.FindOperation.lambda$execute$2(FindOperation.java:296) ~[mongodb-driver-core-5.3.0.jar:?]
	at com.mongodb.internal.operation.SyncOperationHelper.lambda$decorateReadWithRetries$13(SyncOperationHelper.java:317) ~[mongodb-driver-core-5.3.0.jar:?]
	at com.mongodb.internal.async.function.RetryingSyncSupplier.get(RetryingSyncSupplier.java:67) ~[mongodb-driver-core-5.3.0.jar:?]
	at com.mongodb.internal.operation.FindOperation.execute(FindOperation.java:307) ~[mongodb-driver-core-5.3.0.jar:?]
	at com.mongodb.internal.operation.FindOperation.execute(FindOperation.java:70) ~[mongodb-driver-core-5.3.0.jar:?]
	at com.mongodb.client.internal.MongoClusterImpl$OperationExecutorImpl.execute(MongoClusterImpl.java:424) ~[mongodb-driver-sync-5.3.0.jar:?]
	at com.mongodb.client.internal.MongoIterableImpl.execute(MongoIterableImpl.java:156) ~[mongodb-driver-sync-5.3.0.jar:?]
	at com.mongodb.client.internal.MongoIterableImpl.iterator(MongoIterableImpl.java:116) ~[mongodb-driver-sync-5.3.0.jar:?]
	at in.edu.kristujayanti.services.AssetsService.getAssets(AssetsService.java:31) ~[classes/:?]
	at in.edu.kristujayanti.handlers.AssetsHandler.handle(AssetsHandler.java:49) ~[classes/:?]
	at in.edu.kristujayanti.handlers.AssetsHandler.handle(AssetsHandler.java:15) ~[classes/:?]
	at io.vertx.ext.web.impl.BlockingHandlerDecorator.lambda$handle$0(BlockingHandlerDecorator.java:48) ~[vertx-web-4.5.13.jar:4.5.13]
	at io.vertx.core.impl.ContextImpl.lambda$executeBlocking$5(ContextImpl.java:205) ~[vertx-core-4.5.13.jar:4.5.13]
	at io.vertx.core.impl.ContextInternal.dispatch(ContextInternal.java:270) ~[vertx-core-4.5.13.jar:4.5.13]
	at io.vertx.core.impl.ContextImpl$1.execute(ContextImpl.java:221) ~[vertx-core-4.5.13.jar:4.5.13]
	at io.vertx.core.impl.WorkerTask.run(WorkerTask.java:56) ~[vertx-core-4.5.13.jar:4.5.13]
	at io.vertx.core.impl.TaskQueue.run(TaskQueue.java:81) ~[vertx-core-4.5.13.jar:4.5.13]
	at java.util.concurrent.ThreadPoolExecutor.runWorker(ThreadPoolExecutor.java:1090) ~[?:?]
	at java.util.concurrent.ThreadPoolExecutor$Worker.run(ThreadPoolExecutor.java:614) ~[?:?]
	at io.netty.util.concurrent.FastThreadLocalRunnable.run(FastThreadLocalRunnable.java:30) ~[netty-common-4.1.118.Final.jar:4.1.118.Final]
	at java.lang.Thread.run(Thread.java:1474) ~[?:?]
[INFO ] 2026-05-27 12:58:33.909 [Thread-2] MicroserviceStarter lambda$setupHttpServer$1 - Shutting down Microservice application.
[INFO ] 2026-05-27 12:58:40.881 [main] MicroserviceStarter main - Using configuration server(redis) cluster 127.0.0.1:6379 for bootstrapping on development environment.
[INFO ] 2026-05-27 12:58:42.019 [vert.x-eventloop-thread-0] MicroserviceStarter lambda$setupDatabaseConnections$0 - Redis connection established.
[INFO ] 2026-05-27 12:58:42.433 [vert.x-worker-thread-0] client info - MongoClient with metadata {"driver": {"name": "mongo-java-driver|sync", "version": "5.3.0"}, "os": {"type": "Windows", "name": "Windows 11", "architecture": "amd64", "version": "10.0"}, "platform": "Java/Microsoft/17.0.19+10-LTS"} created with settings MongoClientSettings{readPreference=primary, writeConcern=WriteConcern{w=null, wTimeout=null ms, journal=null}, retryWrites=true, retryReads=true, readConcern=ReadConcern{level=null}, credential=MongoCredential{mechanism=null, userName='24bcad16', source='admin', password=<hidden>, mechanismProperties=<hidden>}, transportSettings=null, commandListeners=[], codecRegistry=ProvidersCodecRegistry{codecProviders=[ValueCodecProvider{}, BsonValueCodecProvider{}, DBRefCodecProvider{}, DBObjectCodecProvider{}, DocumentCodecProvider{}, CollectionCodecProvider{}, IterableCodecProvider{}, MapCodecProvider{}, GeoJsonCodecProvider{}, GridFSFileCodecProvider{}, Jsr310CodecProvider{}, JsonObjectCodecProvider{}, BsonCodecProvider{}, EnumCodecProvider{}, com.mongodb.client.model.mql.ExpressionCodecProvider@7067ef39, com.mongodb.Jep395RecordCodecProvider@10400d35, com.mongodb.KotlinCodecProvider@4c431920]}, loggerSettings=LoggerSettings{maxDocumentLength=1000}, clusterSettings={hosts=[127.0.0.1:27017], srvHost=cluster1.fayjnkr.mongodb.net, srvServiceName=mongodb, mode=MULTIPLE, requiredClusterType=REPLICA_SET, requiredReplicaSetName='atlas-l9r42w-shard-0', serverSelector='null', clusterListeners='[]', serverSelectionTimeout='30000 ms', localThreshold='15 ms'}, socketSettings=SocketSettings{connectTimeoutMS=10000, readTimeoutMS=0, receiveBufferSize=0, proxySettings=ProxySettings{host=null, port=null, username=null, password=null}}, heartbeatSocketSettings=SocketSettings{connectTimeoutMS=10000, readTimeoutMS=10000, receiveBufferSize=0, proxySettings=ProxySettings{host=null, port=null, username=null, password=null}}, connectionPoolSettings=ConnectionPoolSettings{maxSize=100, minSize=0, maxWaitTimeMS=120000, maxConnectionLifeTimeMS=0, maxConnectionIdleTimeMS=0, maintenanceInitialDelayMS=0, maintenanceFrequencyMS=60000, connectionPoolListeners=[], maxConnecting=2}, serverSettings=ServerSettings{heartbeatFrequencyMS=10000, minHeartbeatFrequencyMS=500, serverMonitoringMode=AUTO, serverListeners='[]', serverMonitorListeners='[]'}, sslSettings=SslSettings{enabled=true, invalidHostNameAllowed=false, context=null}, applicationName='null', compressorList=[], uuidRepresentation=UNSPECIFIED, serverApi=null, autoEncryptionSettings=null, dnsClient=null, inetAddressResolver=null, contextProvider=null, timeoutMS=null}
[INFO ] 2026-05-27 12:58:42.449 [cluster-ClusterId{value='6a169d2aac1f7151590eeb1d', description='null'}-srv-cluster1.fayjnkr.mongodb.net] cluster info - Adding discovered server ac-lvq4pvj-shard-00-00.fayjnkr.mongodb.net:27017 to client view of cluster
[INFO ] 2026-05-27 12:58:42.466 [vert.x-worker-thread-0] MicroserviceStarter setupRoutersAndServices - Setting up routers.
[INFO ] 2026-05-27 12:58:42.495 [cluster-ClusterId{value='6a169d2aac1f7151590eeb1d', description='null'}-srv-cluster1.fayjnkr.mongodb.net] cluster info - Adding discovered server ac-lvq4pvj-shard-00-01.fayjnkr.mongodb.net:27017 to client view of cluster
[INFO ] 2026-05-27 12:58:42.499 [cluster-ClusterId{value='6a169d2aac1f7151590eeb1d', description='null'}-srv-cluster1.fayjnkr.mongodb.net] cluster info - Adding discovered server ac-lvq4pvj-shard-00-02.fayjnkr.mongodb.net:27017 to client view of cluster
[INFO ] 2026-05-27 12:58:42.528 [vert.x-worker-thread-0] Reflections scan - Reflections took 10 ms to scan 0 urls, producing 0 keys and 0 values
[INFO ] 2026-05-27 12:58:42.682 [vert.x-worker-thread-0] MicroserviceStarter setupHttpServer - Setting up HTTP server.
[INFO ] 2026-05-27 12:58:42.710 [vert.x-eventloop-thread-0] MicroserviceStarter lambda$setupHttpServer$0 - Bootstrap complete. ASSET MANAGEMENT API listening on port 8080.
[INFO ] 2026-05-27 12:58:42.969 [cluster-ClusterId{value='6a169d2aac1f7151590eeb1d', description='null'}-ac-lvq4pvj-shard-00-02.fayjnkr.mongodb.net:27017] cluster info - Exception in monitor thread while connecting to server ac-lvq4pvj-shard-00-02.fayjnkr.mongodb.net:27017
com.mongodb.MongoSocketWriteException: Exception sending message
	at com.mongodb.internal.connection.InternalStreamConnection.throwTranslatedWriteException(InternalStreamConnection.java:785) ~[mongodb-driver-core-5.3.0.jar:?]
	at com.mongodb.internal.connection.InternalStreamConnection.sendMessage(InternalStreamConnection.java:670) ~[mongodb-driver-core-5.3.0.jar:?]
	at com.mongodb.internal.connection.InternalStreamConnection.trySendMessage(InternalStreamConnection.java:507) ~[mongodb-driver-core-5.3.0.jar:?]
	at com.mongodb.internal.connection.InternalStreamConnection.sendCommandMessage(InternalStreamConnection.java:482) ~[mongodb-driver-core-5.3.0.jar:?]
	at com.mongodb.internal.connection.InternalStreamConnection.sendAndReceiveInternal(InternalStreamConnection.java:440) ~[mongodb-driver-core-5.3.0.jar:?]
	at com.mongodb.internal.connection.InternalStreamConnection.lambda$sendAndReceive$0(InternalStreamConnection.java:375) ~[mongodb-driver-core-5.3.0.jar:?]
	at com.mongodb.internal.connection.InternalStreamConnection.sendAndReceive(InternalStreamConnection.java:378) ~[mongodb-driver-core-5.3.0.jar:?]
	at com.mongodb.internal.connection.CommandHelper.sendAndReceive(CommandHelper.java:100) ~[mongodb-driver-core-5.3.0.jar:?]
	at com.mongodb.internal.connection.CommandHelper.executeCommand(CommandHelper.java:49) ~[mongodb-driver-core-5.3.0.jar:?]
	at com.mongodb.internal.connection.InternalStreamConnectionInitializer.initializeConnectionDescription(InternalStreamConnectionInitializer.java:144) ~[mongodb-driver-core-5.3.0.jar:?]
	at com.mongodb.internal.connection.InternalStreamConnectionInitializer.startHandshake(InternalStreamConnectionInitializer.java:79) ~[mongodb-driver-core-5.3.0.jar:?]
	at com.mongodb.internal.connection.InternalStreamConnection.open(InternalStreamConnection.java:235) ~[mongodb-driver-core-5.3.0.jar:?]
	at com.mongodb.internal.connection.DefaultServerMonitor$ServerMonitor.lookupServerDescription(DefaultServerMonitor.java:219) ~[mongodb-driver-core-5.3.0.jar:?]
	at com.mongodb.internal.connection.DefaultServerMonitor$ServerMonitor.run(DefaultServerMonitor.java:176) ~[mongodb-driver-core-5.3.0.jar:?]
Caused by: javax.net.ssl.SSLException: (internal_error) Received fatal alert: internal_error
	at sun.security.ssl.Alert.createSSLException(Alert.java:133) ~[?:?]
	at sun.security.ssl.Alert.createSSLException(Alert.java:117) ~[?:?]
	at sun.security.ssl.TransportContext.fatal(TransportContext.java:370) ~[?:?]
	at sun.security.ssl.Alert$AlertConsumer.consume(Alert.java:293) ~[?:?]
	at sun.security.ssl.TransportContext.dispatch(TransportContext.java:209) ~[?:?]
	at sun.security.ssl.SSLTransport.decode(SSLTransport.java:172) ~[?:?]
	at sun.security.ssl.SSLSocketImpl.decode(SSLSocketImpl.java:1509) ~[?:?]
	at sun.security.ssl.SSLSocketImpl.readHandshakeRecord(SSLSocketImpl.java:1424) ~[?:?]
	at sun.security.ssl.SSLSocketImpl.startHandshake(SSLSocketImpl.java:455) ~[?:?]
	at sun.security.ssl.SSLSocketImpl.ensureNegotiated(SSLSocketImpl.java:925) ~[?:?]
	at sun.security.ssl.SSLSocketImpl$AppOutputStream.write(SSLSocketImpl.java:1295) ~[?:?]
	at com.mongodb.internal.connection.SocketStream.write(SocketStream.java:165) ~[mongodb-driver-core-5.3.0.jar:?]
	at com.mongodb.internal.connection.InternalStreamConnection.sendMessage(InternalStreamConnection.java:667) ~[mongodb-driver-core-5.3.0.jar:?]
	... 12 more
[INFO ] 2026-05-27 12:58:42.996 [cluster-ClusterId{value='6a169d2aac1f7151590eeb1d', description='null'}-ac-lvq4pvj-shard-00-01.fayjnkr.mongodb.net:27017] cluster info - Exception in monitor thread while connecting to server ac-lvq4pvj-shard-00-01.fayjnkr.mongodb.net:27017
com.mongodb.MongoSocketWriteException: Exception sending message
	at com.mongodb.internal.connection.InternalStreamConnection.throwTranslatedWriteException(InternalStreamConnection.java:785) ~[mongodb-driver-core-5.3.0.jar:?]
	at com.mongodb.internal.connection.InternalStreamConnection.sendMessage(InternalStreamConnection.java:670) ~[mongodb-driver-core-5.3.0.jar:?]
	at com.mongodb.internal.connection.InternalStreamConnection.trySendMessage(InternalStreamConnection.java:507) ~[mongodb-driver-core-5.3.0.jar:?]
	at com.mongodb.internal.connection.InternalStreamConnection.sendCommandMessage(InternalStreamConnection.java:482) ~[mongodb-driver-core-5.3.0.jar:?]
	at com.mongodb.internal.connection.InternalStreamConnection.sendAndReceiveInternal(InternalStreamConnection.java:440) ~[mongodb-driver-core-5.3.0.jar:?]
	at com.mongodb.internal.connection.InternalStreamConnection.lambda$sendAndReceive$0(InternalStreamConnection.java:375) ~[mongodb-driver-core-5.3.0.jar:?]
	at com.mongodb.internal.connection.InternalStreamConnection.sendAndReceive(InternalStreamConnection.java:378) ~[mongodb-driver-core-5.3.0.jar:?]
	at com.mongodb.internal.connection.CommandHelper.sendAndReceive(CommandHelper.java:100) ~[mongodb-driver-core-5.3.0.jar:?]
	at com.mongodb.internal.connection.CommandHelper.executeCommand(CommandHelper.java:49) ~[mongodb-driver-core-5.3.0.jar:?]
	at com.mongodb.internal.connection.InternalStreamConnectionInitializer.initializeConnectionDescription(InternalStreamConnectionInitializer.java:144) ~[mongodb-driver-core-5.3.0.jar:?]
	at com.mongodb.internal.connection.InternalStreamConnectionInitializer.startHandshake(InternalStreamConnectionInitializer.java:79) ~[mongodb-driver-core-5.3.0.jar:?]
	at com.mongodb.internal.connection.InternalStreamConnection.open(InternalStreamConnection.java:235) ~[mongodb-driver-core-5.3.0.jar:?]
	at com.mongodb.internal.connection.DefaultServerMonitor$ServerMonitor.lookupServerDescription(DefaultServerMonitor.java:219) ~[mongodb-driver-core-5.3.0.jar:?]
	at com.mongodb.internal.connection.DefaultServerMonitor$ServerMonitor.run(DefaultServerMonitor.java:176) ~[mongodb-driver-core-5.3.0.jar:?]
Caused by: javax.net.ssl.SSLException: (internal_error) Received fatal alert: internal_error
	at sun.security.ssl.Alert.createSSLException(Alert.java:133) ~[?:?]
	at sun.security.ssl.Alert.createSSLException(Alert.java:117) ~[?:?]
	at sun.security.ssl.TransportContext.fatal(TransportContext.java:370) ~[?:?]
	at sun.security.ssl.Alert$AlertConsumer.consume(Alert.java:293) ~[?:?]
	at sun.security.ssl.TransportContext.dispatch(TransportContext.java:209) ~[?:?]
	at sun.security.ssl.SSLTransport.decode(SSLTransport.java:172) ~[?:?]
	at sun.security.ssl.SSLSocketImpl.decode(SSLSocketImpl.java:1509) ~[?:?]
	at sun.security.ssl.SSLSocketImpl.readHandshakeRecord(SSLSocketImpl.java:1424) ~[?:?]
	at sun.security.ssl.SSLSocketImpl.startHandshake(SSLSocketImpl.java:455) ~[?:?]
	at sun.security.ssl.SSLSocketImpl.ensureNegotiated(SSLSocketImpl.java:925) ~[?:?]
	at sun.security.ssl.SSLSocketImpl$AppOutputStream.write(SSLSocketImpl.java:1295) ~[?:?]
	at com.mongodb.internal.connection.SocketStream.write(SocketStream.java:165) ~[mongodb-driver-core-5.3.0.jar:?]
	at com.mongodb.internal.connection.InternalStreamConnection.sendMessage(InternalStreamConnection.java:667) ~[mongodb-driver-core-5.3.0.jar:?]
	... 12 more
[INFO ] 2026-05-27 12:58:42.999 [cluster-ClusterId{value='6a169d2aac1f7151590eeb1d', description='null'}-ac-lvq4pvj-shard-00-00.fayjnkr.mongodb.net:27017] cluster info - Exception in monitor thread while connecting to server ac-lvq4pvj-shard-00-00.fayjnkr.mongodb.net:27017
com.mongodb.MongoSocketWriteException: Exception sending message
	at com.mongodb.internal.connection.InternalStreamConnection.throwTranslatedWriteException(InternalStreamConnection.java:785) ~[mongodb-driver-core-5.3.0.jar:?]
	at com.mongodb.internal.connection.InternalStreamConnection.sendMessage(InternalStreamConnection.java:670) ~[mongodb-driver-core-5.3.0.jar:?]
	at com.mongodb.internal.connection.InternalStreamConnection.trySendMessage(InternalStreamConnection.java:507) ~[mongodb-driver-core-5.3.0.jar:?]
	at com.mongodb.internal.connection.InternalStreamConnection.sendCommandMessage(InternalStreamConnection.java:482) ~[mongodb-driver-core-5.3.0.jar:?]
	at com.mongodb.internal.connection.InternalStreamConnection.sendAndReceiveInternal(InternalStreamConnection.java:440) ~[mongodb-driver-core-5.3.0.jar:?]
	at com.mongodb.internal.connection.InternalStreamConnection.lambda$sendAndReceive$0(InternalStreamConnection.java:375) ~[mongodb-driver-core-5.3.0.jar:?]
	at com.mongodb.internal.connection.InternalStreamConnection.sendAndReceive(InternalStreamConnection.java:378) ~[mongodb-driver-core-5.3.0.jar:?]
	at com.mongodb.internal.connection.CommandHelper.sendAndReceive(CommandHelper.java:100) ~[mongodb-driver-core-5.3.0.jar:?]
	at com.mongodb.internal.connection.CommandHelper.executeCommand(CommandHelper.java:49) ~[mongodb-driver-core-5.3.0.jar:?]
	at com.mongodb.internal.connection.InternalStreamConnectionInitializer.initializeConnectionDescription(InternalStreamConnectionInitializer.java:144) ~[mongodb-driver-core-5.3.0.jar:?]
	at com.mongodb.internal.connection.InternalStreamConnectionInitializer.startHandshake(InternalStreamConnectionInitializer.java:79) ~[mongodb-driver-core-5.3.0.jar:?]
	at com.mongodb.internal.connection.InternalStreamConnection.open(InternalStreamConnection.java:235) ~[mongodb-driver-core-5.3.0.jar:?]
	at com.mongodb.internal.connection.DefaultServerMonitor$ServerMonitor.lookupServerDescription(DefaultServerMonitor.java:219) ~[mongodb-driver-core-5.3.0.jar:?]
	at com.mongodb.internal.connection.DefaultServerMonitor$ServerMonitor.run(DefaultServerMonitor.java:176) ~[mongodb-driver-core-5.3.0.jar:?]
Caused by: javax.net.ssl.SSLException: (internal_error) Received fatal alert: internal_error
	at sun.security.ssl.Alert.createSSLException(Alert.java:133) ~[?:?]
	at sun.security.ssl.Alert.createSSLException(Alert.java:117) ~[?:?]
	at sun.security.ssl.TransportContext.fatal(TransportContext.java:370) ~[?:?]
	at sun.security.ssl.Alert$AlertConsumer.consume(Alert.java:293) ~[?:?]
	at sun.security.ssl.TransportContext.dispatch(TransportContext.java:209) ~[?:?]
	at sun.security.ssl.SSLTransport.decode(SSLTransport.java:172) ~[?:?]
	at sun.security.ssl.SSLSocketImpl.decode(SSLSocketImpl.java:1509) ~[?:?]
	at sun.security.ssl.SSLSocketImpl.readHandshakeRecord(SSLSocketImpl.java:1424) ~[?:?]
	at sun.security.ssl.SSLSocketImpl.startHandshake(SSLSocketImpl.java:455) ~[?:?]
	at sun.security.ssl.SSLSocketImpl.ensureNegotiated(SSLSocketImpl.java:925) ~[?:?]
	at sun.security.ssl.SSLSocketImpl$AppOutputStream.write(SSLSocketImpl.java:1295) ~[?:?]
	at com.mongodb.internal.connection.SocketStream.write(SocketStream.java:165) ~[mongodb-driver-core-5.3.0.jar:?]
	at com.mongodb.internal.connection.InternalStreamConnection.sendMessage(InternalStreamConnection.java:667) ~[mongodb-driver-core-5.3.0.jar:?]
	... 12 more
[INFO ] 2026-05-27 12:58:48.719 [vert.x-worker-thread-1] AssetsHandler handle - Handling request for AssetsHandler
[INFO ] 2026-05-27 12:58:48.719 [vert.x-worker-thread-1] AssetsService getAssets - Fetching assets from collection: assets
[INFO ] 2026-05-27 12:58:48.777 [vert.x-worker-thread-1] cluster info - Waiting for server to become available for operation with ID 5. Remaining time: 29986 ms. Selector: ReadPreferenceServerSelector{readPreference=primary}, topology description: {type=REPLICA_SET, servers=[{address=ac-lvq4pvj-shard-00-02.fayjnkr.mongodb.net:27017, type=UNKNOWN, state=CONNECTING, exception={com.mongodb.MongoSocketWriteException: Exception sending message}, caused by {javax.net.ssl.SSLException: (internal_error) Received fatal alert: internal_error}}, {address=ac-lvq4pvj-shard-00-01.fayjnkr.mongodb.net:27017, type=UNKNOWN, state=CONNECTING, exception={com.mongodb.MongoSocketWriteException: Exception sending message}, caused by {javax.net.ssl.SSLException: (internal_error) Received fatal alert: internal_error}}, {address=ac-lvq4pvj-shard-00-00.fayjnkr.mongodb.net:27017, type=UNKNOWN, state=CONNECTING, exception={com.mongodb.MongoSocketWriteException: Exception sending message}, caused by {javax.net.ssl.SSLException: (internal_error) Received fatal alert: internal_error}}].
[ERROR] 2026-05-27 12:59:18.763 [vert.x-worker-thread-1] AssetsHandler handle - Error in AssetsHandler
com.mongodb.MongoTimeoutException: Timed out while waiting for a server that matches ReadPreferenceServerSelector{readPreference=primary}. Client view of cluster state is {type=REPLICA_SET, servers=[{address=ac-lvq4pvj-shard-00-02.fayjnkr.mongodb.net:27017, type=UNKNOWN, state=CONNECTING, exception={com.mongodb.MongoSocketWriteException: Exception sending message}, caused by {javax.net.ssl.SSLException: (internal_error) Received fatal alert: internal_error}}, {address=ac-lvq4pvj-shard-00-01.fayjnkr.mongodb.net:27017, type=UNKNOWN, state=CONNECTING, exception={com.mongodb.MongoSocketWriteException: Exception sending message}, caused by {javax.net.ssl.SSLException: (internal_error) Received fatal alert: internal_error}}, {address=ac-lvq4pvj-shard-00-00.fayjnkr.mongodb.net:27017, type=UNKNOWN, state=CONNECTING, exception={com.mongodb.MongoSocketWriteException: Exception sending message}, caused by {javax.net.ssl.SSLException: (internal_error) Received fatal alert: internal_error}}]
	at com.mongodb.internal.connection.BaseCluster.logAndThrowTimeoutException(BaseCluster.java:427) ~[mongodb-driver-core-5.3.0.jar:?]
	at com.mongodb.internal.connection.BaseCluster.lambda$selectServer$0(BaseCluster.java:154) ~[mongodb-driver-core-5.3.0.jar:?]
	at com.mongodb.internal.time.Timeout.lambda$onExistsAndExpired$16(Timeout.java:236) ~[mongodb-driver-core-5.3.0.jar:?]
	at com.mongodb.internal.time.Timeout.lambda$run$10(Timeout.java:201) ~[mongodb-driver-core-5.3.0.jar:?]
	at com.mongodb.internal.time.TimePoint.checkedCall(TimePoint.java:99) ~[mongodb-driver-core-5.3.0.jar:?]
	at com.mongodb.internal.time.Timeout.call(Timeout.java:174) ~[mongodb-driver-core-5.3.0.jar:?]
	at com.mongodb.internal.time.Timeout.run(Timeout.java:194) ~[mongodb-driver-core-5.3.0.jar:?]
	at com.mongodb.internal.time.Timeout.onExistsAndExpired(Timeout.java:233) ~[mongodb-driver-core-5.3.0.jar:?]
	at com.mongodb.internal.time.Timeout.onExpired(Timeout.java:226) ~[mongodb-driver-core-5.3.0.jar:?]
	at com.mongodb.internal.connection.BaseCluster.selectServer(BaseCluster.java:153) ~[mongodb-driver-core-5.3.0.jar:?]
	at com.mongodb.internal.connection.AbstractMultiServerCluster.selectServer(AbstractMultiServerCluster.java:59) ~[mongodb-driver-core-5.3.0.jar:?]
	at com.mongodb.internal.binding.ClusterBinding.getReadConnectionSource(ClusterBinding.java:82) ~[mongodb-driver-core-5.3.0.jar:?]
	at com.mongodb.client.internal.ClientSessionBinding.getConnectionSource(ClientSessionBinding.java:108) ~[mongodb-driver-sync-5.3.0.jar:?]
	at com.mongodb.client.internal.ClientSessionBinding.getReadConnectionSource(ClientSessionBinding.java:88) ~[mongodb-driver-sync-5.3.0.jar:?]
	at com.mongodb.internal.operation.SyncOperationHelper.withSuppliedResource(SyncOperationHelper.java:148) ~[mongodb-driver-core-5.3.0.jar:?]
	at com.mongodb.internal.operation.SyncOperationHelper.withSourceAndConnection(SyncOperationHelper.java:129) ~[mongodb-driver-core-5.3.0.jar:?]
	at com.mongodb.internal.operation.FindOperation.lambda$execute$2(FindOperation.java:296) ~[mongodb-driver-core-5.3.0.jar:?]
	at com.mongodb.internal.operation.SyncOperationHelper.lambda$decorateReadWithRetries$13(SyncOperationHelper.java:317) ~[mongodb-driver-core-5.3.0.jar:?]
	at com.mongodb.internal.async.function.RetryingSyncSupplier.get(RetryingSyncSupplier.java:67) ~[mongodb-driver-core-5.3.0.jar:?]
	at com.mongodb.internal.operation.FindOperation.execute(FindOperation.java:307) ~[mongodb-driver-core-5.3.0.jar:?]
	at com.mongodb.internal.operation.FindOperation.execute(FindOperation.java:70) ~[mongodb-driver-core-5.3.0.jar:?]
	at com.mongodb.client.internal.MongoClusterImpl$OperationExecutorImpl.execute(MongoClusterImpl.java:424) ~[mongodb-driver-sync-5.3.0.jar:?]
	at com.mongodb.client.internal.MongoIterableImpl.execute(MongoIterableImpl.java:156) ~[mongodb-driver-sync-5.3.0.jar:?]
	at com.mongodb.client.internal.MongoIterableImpl.iterator(MongoIterableImpl.java:116) ~[mongodb-driver-sync-5.3.0.jar:?]
	at in.edu.kristujayanti.services.AssetsService.getAssets(AssetsService.java:31) ~[classes/:?]
	at in.edu.kristujayanti.handlers.AssetsHandler.handle(AssetsHandler.java:49) ~[classes/:?]
	at in.edu.kristujayanti.handlers.AssetsHandler.handle(AssetsHandler.java:15) ~[classes/:?]
	at io.vertx.ext.web.impl.BlockingHandlerDecorator.lambda$handle$0(BlockingHandlerDecorator.java:48) ~[vertx-web-4.5.13.jar:4.5.13]
	at io.vertx.core.impl.ContextImpl.lambda$executeBlocking$5(ContextImpl.java:205) ~[vertx-core-4.5.13.jar:4.5.13]
	at io.vertx.core.impl.ContextInternal.dispatch(ContextInternal.java:270) ~[vertx-core-4.5.13.jar:4.5.13]
	at io.vertx.core.impl.ContextImpl$1.execute(ContextImpl.java:221) ~[vertx-core-4.5.13.jar:4.5.13]
	at io.vertx.core.impl.WorkerTask.run(WorkerTask.java:56) ~[vertx-core-4.5.13.jar:4.5.13]
	at io.vertx.core.impl.TaskQueue.run(TaskQueue.java:81) ~[vertx-core-4.5.13.jar:4.5.13]
	at java.util.concurrent.ThreadPoolExecutor.runWorker(ThreadPoolExecutor.java:1136) ~[?:?]
	at java.util.concurrent.ThreadPoolExecutor$Worker.run(ThreadPoolExecutor.java:635) ~[?:?]
	at io.netty.util.concurrent.FastThreadLocalRunnable.run(FastThreadLocalRunnable.java:30) ~[netty-common-4.1.118.Final.jar:4.1.118.Final]
	at java.lang.Thread.run(Thread.java:840) ~[?:?]
[INFO ] 2026-05-27 13:00:12.128 [vert.x-worker-thread-2] AssetsHandler handle - Handling request for AssetsHandler
[INFO ] 2026-05-27 13:00:12.131 [vert.x-worker-thread-2] AssetsService getAssets - Fetching assets from collection: assets
[INFO ] 2026-05-27 13:00:12.132 [vert.x-worker-thread-2] cluster info - Waiting for server to become available for operation with ID 135. Remaining time: 29999 ms. Selector: ReadPreferenceServerSelector{readPreference=primary}, topology description: {type=REPLICA_SET, servers=[{address=ac-lvq4pvj-shard-00-02.fayjnkr.mongodb.net:27017, type=UNKNOWN, state=CONNECTING, exception={com.mongodb.MongoSocketWriteException: Exception sending message}, caused by {javax.net.ssl.SSLException: (internal_error) Received fatal alert: internal_error}}, {address=ac-lvq4pvj-shard-00-01.fayjnkr.mongodb.net:27017, type=UNKNOWN, state=CONNECTING, exception={com.mongodb.MongoSocketWriteException: Exception sending message}, caused by {javax.net.ssl.SSLException: (internal_error) Received fatal alert: internal_error}}, {address=ac-lvq4pvj-shard-00-00.fayjnkr.mongodb.net:27017, type=UNKNOWN, state=CONNECTING, exception={com.mongodb.MongoSocketWriteException: Exception sending message}, caused by {javax.net.ssl.SSLException: (internal_error) Received fatal alert: internal_error}}].
[INFO ] 2026-05-27 13:00:28.211 [Thread-3] MicroserviceStarter lambda$setupHttpServer$1 - Shutting down Microservice application.
